{"stats":{"minecraft:used":{"minecraft:pink_concrete":18,"minecraft:white_wool":35,"minecraft:bedrock":24,"minecraft:black_wool":12,"tombstone:gift":1,"alexsmobs:animal_dictionary":2,"minecraft:pink_terracotta":23,"minecraft:white_terracotta":206},"minecraft:picked_up":{"undead_unleashed:moonlight_greatsword":2,"irons_spellbooks:scroll":1,"minecraft:wheat_seeds":4},"minecraft:dropped":{"undead_unleashed:moonlight_greatsword":1,"minecraft:wheat_seeds":2},"minecraft:killed_by":{"minecraft:player":1},"minecraft:mined":{"minecraft:grass":4,"minecraft:fern":2},"minecraft:custom":{"minecraft:time_since_rest":21487,"minecraft:crouch_one_cm":130,"minecraft:sprint_one_cm":23944,"minecraft:play_time":26815,"minecraft:damage_taken":440,"minecraft:deaths":1,"minecraft:walk_one_cm":35246,"minecraft:sneak_time":360,"tombstone:sneak_grave":1,"minecraft:drop":3,"minecraft:aviate_one_cm":11598,"minecraft:jump":220,"minecraft:leave_game":1,"minecraft:time_since_death":21706,"minecraft:climb_one_cm":1449,"minecraft:total_world_time":26815,"minecraft:fall_one_cm":2002,"minecraft:fly_one_cm":81490,"minecraft:open_chest":3}},"DataVersion":3120}