{"stats":{"minecraft:used":{"minecraft:white_wool":35,"minecraft:pink_concrete":11,"minecraft:bedrock":24,"tombstone:gift":1,"minecraft:pink_terracotta":20,"alexsmobs:animal_dictionary":2,"minecraft:white_terracotta":188},"minecraft:picked_up":{"undead_unleashed:moonlight_greatsword":2,"irons_spellbooks:scroll":1,"minecraft:wheat_seeds":4},"minecraft:dropped":{"undead_unleashed:moonlight_greatsword":1,"minecraft:wheat_seeds":2},"minecraft:killed_by":{"minecraft:player":1},"minecraft:mined":{"minecraft:grass":4,"minecraft:fern":2},"minecraft:custom":{"minecraft:time_since_rest":12735,"minecraft:crouch_one_cm":130,"minecraft:play_time":18063,"minecraft:sprint_one_cm":19345,"minecraft:walk_one_cm":19090,"minecraft:damage_taken":245,"minecraft:deaths":1,"minecraft:sneak_time":354,"tombstone:sneak_grave":1,"minecraft:drop":3,"minecraft:aviate_one_cm":5476,"minecraft:jump":161,"minecraft:leave_game":1,"minecraft:time_since_death":12954,"minecraft:total_world_time":18063,"minecraft:climb_one_cm":1449,"minecraft:fly_one_cm":68893,"minecraft:fall_one_cm":411}},"DataVersion":3120}