{"stats":{"minecraft:used":{"minecraft:pink_concrete":18,"minecraft:white_wool":35,"minecraft:bedrock":32,"minecraft:black_wool":12,"tombstone:gift":1,"alexsmobs:animal_dictionary":2,"minecraft:pink_terracotta":23,"minecraft:white_terracotta":206,"minecraft:enchanted_golden_apple":3},"minecraft:killed":{"minecraft:wandering_trader":1},"minecraft:picked_up":{"undead_unleashed:moonlight_greatsword":2,"irons_spellbooks:scroll":1,"irons_spellbooks:mana_upgrade_orb":64,"minecraft:wheat_seeds":4,"tombstone:bag_of_seeds":1,"minecraft:dirt":8},"minecraft:dropped":{"undead_unleashed:moonlight_greatsword":1,"minecraft:wheat_seeds":2,"irons_spellbooks:scroll":1},"minecraft:killed_by":{"minecraft:player":1},"minecraft:mined":{"minecraft:grass":4,"minecraft:fern":2},"minecraft:custom":{"minecraft:time_since_rest":28593,"minecraft:crouch_one_cm":130,"minecraft:sprint_one_cm":27091,"minecraft:play_time":33921,"minecraft:damage_taken":440,"minecraft:deaths":1,"minecraft:walk_one_cm":48021,"minecraft:sneak_time":360,"tombstone:sneak_grave":1,"minecraft:mob_kills":1,"minecraft:interact_with_anvil":2,"minecraft:drop":4,"tombstone:villager_killed":1,"minecraft:aviate_one_cm":174758,"minecraft:jump":259,"minecraft:leave_game":2,"minecraft:time_since_death":28812,"minecraft:climb_one_cm":1449,"minecraft:total_world_time":33921,"minecraft:fall_one_cm":2002,"minecraft:fly_one_cm":90967,"minecraft:horse_one_cm":870,"minecraft:open_chest":3}},"DataVersion":3120}