{"stats":{"minecraft:picked_up":{"alexsmobs:animal_dictionary":1},"minecraft:dropped":{"alexsmobs:animal_dictionary":2,"ars_nouveau:worn_notebook":1,"patchouli:guide_book":1},"minecraft:custom":{"minecraft:jump":22,"minecraft:open_chest":2,"minecraft:time_since_rest":5646,"minecraft:leave_game":1,"minecraft:sprint_one_cm":2800,"minecraft:play_time":5646,"minecraft:time_since_death":5646,"minecraft:walk_one_cm":2610,"minecraft:climb_one_cm":131,"minecraft:total_world_time":5646,"minecraft:drop":4,"minecraft:fly_one_cm":5646}},"DataVersion":3120}