{"stats":{"minecraft:used":{"mysticalagriculture:awakened_supremium_bow":7,"cataclysm:infernal_forge":3,"minecraft:wither_skeleton_skull":14,"mysticalagriculture:awakened_supremium_sword":42,"minecraft:glass_bottle":1,"gobber2:gobber2_boots_dragon":1,"gobber2:gobber2_bow_end":5,"iceandfire:dragonsteel_fire_sword":5,"gobber2:gobber2_leggings_dragon":1,"minecraft:soul_sand":14,"minecraft:anvil":1,"minecraft:potion":1,"gobber2:gobber2_chestplate_dragon":1,"gobber2:gobber2_helmet_dragon":1,"minecraft:polar_bear_spawn_egg":2,"minecraft:enchanted_golden_apple":1},"minecraft:killed":{"cataclysm:ignited_revenant":1,"minecraft:trader_llama":2,"irons_spellbooks:summoned_vex":3,"irons_spellbooks:summoned_zombie":5,"cataclysm:deepling":1,"irons_spellbooks:summoned_polar_bear":3,"irons_spellbooks:spectral_steed":1,"minecraft:polar_bear":2},"minecraft:picked_up":{"cataclysm:monstrous_horn":1,"forbidden_arcanus:bat_wing":1,"minecraft:polished_blackstone_stairs":2,"minecraft:salmon":3,"minecraft:leather":2,"minecraft:lead":2,"minecraft:gravel":16,"malum:encyclopedia_arcana":1,"tombstone:grave_dust":1,"cataclysm:burning_ashes":1,"minecraft:redstone":2,"minecraft:dirt":70,"alexsmobs:animal_dictionary":1,"tombstone:gift":1,"cataclysm:infernal_forge":1,"mysticalagriculture:inferium_essence":6,"minecraft:polished_blackstone":2,"alexsmobs:blobfish":42,"cataclysm:stone_pillar":1},"minecraft:dropped":{"gobber2:gobber2_leggings_dragon":1,"ars_nouveau:worn_notebook":1,"gobber2:gobber2_boots_dragon":1,"malum:encyclopedia_arcana":1,"gobber2:gobber2_helmet_dragon":1,"alexsmobs:animal_dictionary":2,"mysticalagriculture:inferium_essence":1,"gobber2:gobber2_chestplate_dragon":1,"cataclysm:infernal_forge":1,"cataclysm:burning_ashes":1,"patchouli:guide_book":1},"minecraft:killed_by":{"minecraft:player":1,"cataclysm:the_leviathan":2},"minecraft:mined":{"minecraft:grass":2},"minecraft:custom":{"minecraft:time_since_rest":182,"minecraft:damage_absorbed":1620,"minecraft:damage_taken":2174,"lootr:looted_stat":1,"minecraft:sprint_one_cm":53211,"minecraft:walk_one_cm":50825,"minecraft:interact_with_anvil":1,"minecraft:mob_kills":19,"minecraft:drop":12,"minecraft:damage_dealt":8742,"minecraft:swim_one_cm":61114,"minecraft:player_kills":5,"minecraft:fly_one_cm":220994,"minecraft:open_chest":2,"minecraft:crouch_one_cm":2,"minecraft:play_time":48429,"tombstone:undead_killed":6,"minecraft:deaths":3,"minecraft:sneak_time":216,"minecraft:walk_under_water_one_cm":87608,"minecraft:jump":453,"minecraft:leave_game":4,"minecraft:time_since_death":2581,"minecraft:walk_on_water_one_cm":2192,"minecraft:total_world_time":48429,"minecraft:climb_one_cm":237,"minecraft:damage_resisted":258}},"DataVersion":3120}