{"stats":{"minecraft:used":{"mysticalagriculture:awakened_supremium_bow":7,"mysticalagriculture:awakened_supremium_sword":4,"minecraft:wither_skeleton_skull":14,"gobber2:gobber2_boots_dragon":1,"iceandfire:dragonsteel_fire_sword":5,"gobber2:gobber2_bow_end":5,"gobber2:gobber2_leggings_dragon":1,"minecraft:soul_sand":14,"minecraft:anvil":1,"gobber2:gobber2_chestplate_dragon":1,"gobber2:gobber2_helmet_dragon":1,"minecraft:polar_bear_spawn_egg":2},"minecraft:killed":{"minecraft:trader_llama":2,"irons_spellbooks:summoned_vex":3,"irons_spellbooks:summoned_zombie":5,"irons_spellbooks:summoned_polar_bear":3,"irons_spellbooks:spectral_steed":1,"minecraft:polar_bear":2},"minecraft:picked_up":{"minecraft:salmon":3,"minecraft:leather":2,"minecraft:lead":2,"minecraft:gravel":16,"malum:encyclopedia_arcana":1,"minecraft:dirt":70,"alexsmobs:animal_dictionary":1,"mysticalagriculture:inferium_essence":2},"minecraft:dropped":{"gobber2:gobber2_leggings_dragon":1,"ars_nouveau:worn_notebook":1,"gobber2:gobber2_boots_dragon":1,"malum:encyclopedia_arcana":1,"gobber2:gobber2_helmet_dragon":1,"alexsmobs:animal_dictionary":2,"mysticalagriculture:inferium_essence":1,"gobber2:gobber2_chestplate_dragon":1,"patchouli:guide_book":1},"minecraft:custom":{"minecraft:time_since_rest":23183,"minecraft:sprint_one_cm":24002,"minecraft:walk_one_cm":16955,"minecraft:mob_kills":16,"minecraft:interact_with_anvil":1,"minecraft:drop":10,"minecraft:damage_dealt":1917,"minecraft:fly_one_cm":43325,"minecraft:open_chest":2,"minecraft:play_time":23183,"tombstone:undead_killed":5,"minecraft:sneak_time":52,"minecraft:jump":152,"minecraft:leave_game":1,"minecraft:time_since_death":23183,"minecraft:total_world_time":23183,"minecraft:climb_one_cm":237}},"DataVersion":3120}