{"stats":{"minecraft:custom":{"lootr:looted_stat":64,"minecraft:animals_bred":2,"minecraft:interact_with_crafting_table":23,"goblintraders:trade_with_goblin":6,"minecraft:bell_ring":8,"minecraft:leave_game":11,"minecraft:time_since_death":221390,"minecraft:sprint_one_cm":3425541,"minecraft:drop":151,"minecraft:talked_to_villager":43,"minecraft:play_time":1755938,"minecraft:deaths":53,"minecraft:jump":21259,"minecraft:interact_with_brewingstand":1,"minecraft:walk_on_water_one_cm":61262,"minecraft:interact_with_furnace":3,"minecraft:traded_with_villager":67,"minecraft:sleep_in_bed":13,"minecraft:waystone_activated":8,"minecraft:damage_dealt":51269,"minecraft:player_kills":4,"minecraft:crouch_one_cm":70245,"tombstone:undead_killed":47,"tombstone:villager_killed":1,"minecraft:horse_one_cm":7710,"minecraft:interact_with_smithing_table":1,"minecraft:interact_with_anvil":4,"minecraft:mob_kills":237,"minecraft:damage_dealt_resisted":392,"minecraft:climb_one_cm":41359,"minecraft:walk_one_cm":4619652,"minecraft:damage_dealt_absorbed":161,"minecraft:raid_win":1,"minecraft:sneak_time":28794,"minecraft:walk_under_water_one_cm":20187,"minecraft:total_world_time":1762242,"tombstone:raider_killed":85,"minecraft:pot_flower":2,"minecraft:interact_with_grindstone":2,"minecraft:interact_with_stonecutter":1,"minecraft:time_since_rest":101586,"minecraft:damage_absorbed":122,"minecraft:damage_taken":24112,"minecraft:trigger_trapped_chest":2,"minecraft:swim_one_cm":53468,"minecraft:fly_one_cm":6535127,"minecraft:open_chest":277,"minecraft:fall_one_cm":270064},"minecraft:killed_by":{"minecraft:evoker":2,"born_in_chaos_v1:nightmare_stalker":2,"iceandfire:cyclops":5,"minecraft:creeper":1,"minecraft:ravager":2,"undead_unleashed:frenzied_knight":1,"minecraft:vindicator":4,"gothic:cave_molerat":1,"caverns_and_chasms:peeper":2,"mekanismadditions:baby_skeleton":3,"minecraft:zombie":1,"iceandfire:fire_dragon":8,"minecraft:player":10,"savage_and_ravage:creepie":1,"iceandfire:ghost":1},"minecraft:killed":{"minecraft:cave_spider":3,"minecraft:witch":5,"born_in_chaos_v1:zombie_lumberjack":1,"caverns_and_chasms:deeper":2,"minecraft:spider":1,"gothic:stone_guardian":1,"eidolon:giant_skeleton":1,"minecraft:skeleton":5,"savage_and_ravage:griefer":8,"minecraft:fox":1,"savage_and_ravage:creepie":23,"gothic:molerat":2,"irons_spellbooks:summoned_skeleton":1,"minecraft:piglin_brute":7,"savage_and_ravage:executioner":5,"irons_spellbooks:necromancer":1,"minecraft:creeper":2,"minecraft:sheep":2,"undead_unleashed:frenzied_knight":2,"gothic:scavenger":4,"minecraft:trader_llama":1,"minecraft:pillager":43,"minecraft:zombie":8,"undead_unleashed:shadewraith":1,"born_in_chaos_v1:dread_hound":5,"born_in_chaos_v1:corpse_fly":24,"eidolon:zombie_brute":2,"undead_unleashed:haunter":4,"gothic:bloodfly":1,"royalvariations:royal_creeper":1,"minecraft:evoker":2,"minecraft:vex":3,"irons_spellbooks:summoned_zombie":4,"minecraft:vindicator":17,"born_in_chaos_v1:maggot":12,"mekanismadditions:baby_skeleton":4,"eidolon:wraith":2,"rottencreatures:undead_miner":1,"savage_and_ravage:trickster":1,"naturalist:bear":2,"born_in_chaos_v1:baby_skeleton":3,"born_in_chaos_v1:swarmer":2,"minecraft:rabbit":1,"minecraft:wandering_trader":1,"minecraft:ravager":4,"born_in_chaos_v1:decrepit_skeleton":3,"royalvariations:royal_zombie":1,"gothic:scavenger_young":7,"gothic:ice_wolf":1,"iceandfire:ghost":1,"born_in_chaos_v1:dark_vortex":1,"born_in_chaos_v1:nightmare_stalker":2},"minecraft:picked_up":{"minecraft:iron_chestplate":2,"minecraft:wheat":245,"minecraft:lead":1,"biomesoplenty:orange_autumn_sapling":5,"minecraft:enchanted_book":1,"undead_unleashed:grave_metal_chestplate":1,"born_in_chaos_v1:black_argillite":20,"forbidden_arcanus:xpetrified_orb":4,"minecraft:string":3,"caverns_and_chasms:spinel_ore":2,"minecraft:cooked_salmon":1,"minecraft:iron_leggings":1,"minecraft:beetroot":190,"theabyss:hoglin_lantern":1,"minecraft:sea_pickle":2,"irons_spellbooks:arcane_essence":1,"mysticalagriculture:inferium_essence":71,"minecraft:gold_nugget":110,"farmersdelight:cabbage":152,"minecraft:spruce_planks":1,"undead_unleashed:grave_metal_sword":3,"minecraft:rose_bush":16,"minecraft:azalea":2,"farmersdelight:cabbage_seeds":338,"minecraft:iron_boots":1,"minecraft:stick":280,"farmersdelight:rotten_tomato":4,"minecraft:oak_fence":1,"mekanism:tin_ore":2,"minecraft:torch":13,"minecraft:acacia_log":1,"minecraft:spruce_stairs":1,"tombstone:grave_dust":7,"minecraft:diorite":11,"born_in_chaos_v1:nightmare_claw":1,"minecraft:golden_chestplate":1,"born_in_chaos_v1:fried_maggot":14,"evilcraft:box_of_eternal_closure":1,"minecraft:rotten_flesh":30,"farmersdelight:onion":302,"minecraft:cobblestone":121,"occultism:datura_seeds":20,"minecraft:feather":9,"minecraft:lilac":2,"farmersdelight:rice":1,"minecraft:andesite":62,"ars_nouveau:source_berry":32,"gobber2:gobber2_leggings":3,"minecraft:potato":386,"paraglider:spirit_orb":4,"minecraft:flint":3,"farmersdelight:tomato":161,"minecraft:dirt":714,"minecraft:lantern":8,"gobber2:gobber2_helmet":4,"born_in_chaos_v1:monster_skin":2,"minecraft:bone":25,"minecraft:wheat_seeds":618,"botania:pink_mystical_flower":1,"forbidden_arcanus:rotten_leather":6,"minecraft:rabbit":1,"minecraft:fletching_table":6,"minecraft:glowstone_dust":1,"mekanism:osmium_ore":1,"botania:gray_mystical_flower":1,"minecraft:oak_planks":1,"gobber2:gobber2_gooey_bread":5,"minecraft:poisonous_potato":2,"evilcraft:dark_gem_crushed":8,"gothic:meat_cooked":2,"gobber2:gobber2_chestplate":2,"malum:encyclopedia_arcana":1,"minecraft:grass_block":1,"minecraft:cyan_bed":7,"minecraft:lily_of_the_valley":2,"minecraft:dark_oak_log":7,"gothic:stone_tablet":3,"minecraft:bundle":2,"minecraft:spruce_fence_gate":1,"minecraft:sugar":2,"minecraft:deepslate":2,"waystones:waystone":2,"gothic:scavenger_egg":2,"minecraft:crossbow":2,"minecraft:emerald":63,"minecraft:spruce_sign":1,"minecraft:bread":35,"minecraft:oak_sapling":85,"gobber2:gobber2_goo":2,"gobber2:gobber2_boots":3,"biomesoplenty:redwood_log":413,"minecraft:crafting_table":1,"gag:escape_rope":1,"minecraft:azure_bluet":2,"born_in_chaos_v1:smoked_monster_flesh":2,"minecraft:brown_mushroom":10,"gothic:magic_ore_stone":1,"paraglider:heart_container":1,"minecraft:cornflower":3,"minecraft:red_bed":2,"minecraft:moss_carpet":1,"evilcraft:poison_sac":2,"minecraft:player_head":1,"minecraft:poppy":6,"minecraft:raw_iron":8,"minecraft:stone":147,"minecraft:oak_door":2,"iceandfire:chared_grass":1,"farmersdelight:tomato_seeds":10,"born_in_chaos_v1:pieceofdarkmetal":2,"minecraft:carrot":369,"ars_nouveau:green_archwood_log":50,"biomesoplenty:redwood_planks":1,"minecraft:arrow":39,"minecraft:stone_shovel":1,"biomesoplenty:umbran_sapling":10,"minecraft:beetroot_seeds":773,"minecraft:shears":1,"minecraft:hay_block":7,"minecraft:totem_of_undying":5,"tombstone:essence_of_undeath":1,"minecraft:saddle":5,"minecraft:gold_ingot":15,"sophisticatedbackpacks:copper_backpack":1,"biomesoplenty:redwood_sapling":50,"minecraft:mutton":3,"forbidden_arcanus:spawner_scrap":2,"minecraft:white_wool":2,"born_in_chaos_v1:corpse_maggot":30,"iceandfire:sea_serpent_fang":9,"born_in_chaos_v1:monster_flesh":4,"gobber2:gobber2_gooey_beefstew":1,"minecraft:leather":8,"minecraft:acacia_wood":1,"savage_and_ravage:creeper_spores":29,"minecraft:oak_log":359,"gothic:magic_ore_nugget":6,"minecraft:gunpowder":9,"minecraft:white_banner":9,"tombstone:gift":1,"minecraft:cooked_mutton":8,"ars_nouveau:green_archwood_sapling":11,"minecraft:apple":32,"minecraft:stone_bricks":52,"minecraft:iron_ingot":17,"tombstone:bag_of_seeds":1,"minecraft:glass_bottle":2,"minecraft:mangrove_planks":1,"minecraft:iron_sword":1,"minecraft:flowering_azalea":3,"biomesoplenty:umbran_log":79,"gobber2:gobber2_hammer":2,"minecraft:book":6,"minecraft:sweet_berries":43,"minecraft:stone_brick_slab":1,"iceandfire:ash":8,"born_in_chaos_v1:ethereal_spirit":1,"minecraft:dandelion":8,"minecraft:gravel":28,"born_in_chaos_v1:dark_rod":2,"undead_unleashed:grave_metal_scrap":8,"minecraft:spruce_sapling":25,"minecraft:spruce_log":49,"minecraft:spider_eye":2,"farmersdelight:cabbage_leaf":16,"ars_nouveau:glyph_light":1,"gothic:meat":15,"biomesoplenty:maple_sapling":263,"minecraft:slime_ball":2,"evilcraft:dark_gem":19,"caverns_and_chasms:rocky_dirt":3,"savage_and_ravage:cleaver_of_beheading":2,"tombstone:magic_scroll":1,"minecraft:coal":126,"minecraft:sunflower":33,"minecraft:ender_pearl":2},"minecraft:mined":{"botania:pink_double_flower":1,"minecraft:grass_block":151,"gobber2:gobber2_lucky_block":1,"ars_nouveau:sourceberry_bush":1,"minecraft:iron_ore":3,"farmersdelight:rice":1,"minecraft:fletching_table":6,"supplementaries:stick":5,"biomesoplenty:redwood_log":65,"biomesoplenty:webbing":7,"minecraft:azalea":2,"minecraft:brown_mushroom":1,"minecraft:red_bed":2,"undead_unleashed:ancient_dirt":1,"minecraft:torch":5,"minecraft:poppy":1,"minecraft:cyan_bed":6,"minecraft:oak_planks":1,"minecraft:wall_torch":7,"minecraft:grass":80,"biomesoplenty:clover":3,"minecraft:dirt":58,"minecraft:oak_leaves":1,"minecraft:deepslate":1,"farmersdelight:wild_carrots":5,"biomesoplenty:bush":4,"born_in_chaos_v1:black_argillite":3,"minecraft:spruce_leaves":4,"biomesoplenty:dead_grass":1,"iceandfire:chared_grass":1,"minecraft:hay_block":7,"minecraft:carrots":6,"evilcraft:box_of_eternal_closure":1,"treechop:chopped_log":43,"evilcraft:dark_ore":2,"gothic:scavenger_hanging":1,"minecraft:bookshelf":2,"minecraft:vine":1,"minecraft:stone":55,"minecraft:flowering_azalea":2,"biomesoplenty:redwood_planks":1,"ars_nouveau:green_archwood_log":1,"minecraft:dandelion":1,"minecraft:rose_bush":3,"gothic:scavenger_eggs":1,"minecraft:tall_grass":341,"biomesoplenty:sprout":14,"farmersdelight:wild_tomatoes":10,"minecraft:sweet_berry_bush":1,"minecraft:birch_leaves":1,"minecraft:mangrove_planks":1,"minecraft:coal_ore":23,"minecraft:sunflower":2,"minecraft:gravel":31,"minecraft:spruce_fence_gate":1,"minecraft:fern":18},"minecraft:dropped":{"minecraft:spruce_sign":1,"minecraft:iron_sword":1,"minecraft:acacia_wood":1,"malum:encyclopedia_arcana":1,"occultism:datura_seeds":1,"gothic:stone_tablet":3,"minecraft:brown_mushroom":1,"minecraft:glass_bottle":1,"minecraft:ender_pearl":2,"minecraft:crossbow":1,"minecraft:lantern":3,"minecraft:dirt":10,"minecraft:bone_meal":1,"iceandfire:ash":6,"minecraft:white_wool":40,"minecraft:bone":27,"minecraft:wheat":1,"born_in_chaos_v1:ethereal_spirit":1,"tombstone:gift":3,"minecraft:rotten_flesh":6,"evilcraft:poison_sac":2,"evilcraft:flesh_humanoid":5,"minecraft:gunpowder":3,"minecraft:beetroot_seeds":336,"mysticalagriculture:inferium_essence":6,"born_in_chaos_v1:corpse_maggot":15,"gobber2:gobber2_chestplate":2,"gobber2:gobber2_helmet":3,"iceandfire:chared_grass":1,"minecraft:oak_leaves":1,"minecraft:bread":43,"minecraft:wheat_seeds":181,"biomesoplenty:maple_sapling":4,"minecraft:oak_fence":1,"minecraft:feather":9,"artifacts:whoopee_cushion":1,"minecraft:apple":1,"minecraft:spruce_stairs":1,"minecraft:acacia_log":1,"minecraft:grass_block":1,"minecraft:stick":3,"minecraft:wooden_axe":1,"minecraft:rabbit":1,"forbidden_arcanus:spawner_scrap":2,"tombstone:grave_dust":1,"minecraft:iron_leggings":1,"minecraft:stone_brick_slab":1,"gobber2:gobber2_paxel_end":1,"gobber2:gobber2_leggings":2,"gobber2:gobber2_boots":3,"farmersdelight:cabbage_seeds":95,"born_in_chaos_v1:smoked_monster_flesh":1,"farmersdelight:vegetable_soup":9,"evilcraft:origins_of_darkness":1,"undead_unleashed:grave_metal_sword":1,"minecraft:totem_of_undying":1,"minecraft:potato":1,"minecraft:stone":1,"botania:lexicon":1,"minecraft:spruce_planks":1,"minecraft:iron_chestplate":1,"minecraft:oak_sapling":6,"minecraft:stone_bricks":2,"gobber2:gobber2_hammer":1,"minecraft:wooden_pickaxe":1},"minecraft:crafted":{"minecraft:oak_planks":276,"ars_nouveau:archwood_planks":12,"minecraft:bookshelf":2,"minecraft:stone_brick_slab":2,"minecraft:emerald":60,"minecraft:crafting_table":1,"minecraft:spruce_planks":200,"farmersdelight:iron_knife":1,"minecraft:wooden_pickaxe":1,"minecraft:fletching_table":2,"farmersdelight:cutting_board":1,"minecraft:wooden_hoe":1,"minecraft:stick":1528,"quark:oak_chest":2,"minecraft:iron_ingot":12,"minecraft:iron_pickaxe":1,"minecraft:stone_shovel":1,"minecraft:bone_meal":9,"ars_nouveau:novice_spell_book":1,"minecraft:iron_axe":2,"minecraft:iron_hoe":1,"minecraft:wheat":63,"biomesoplenty:redwood_planks":402,"minecraft:iron_sword":1,"minecraft:bowl":28,"minecraft:mangrove_planks":8,"minecraft:enchanted_book":5,"minecraft:air":0,"minecraft:bread":40,"minecraft:wooden_axe":1,"farmersdelight:vegetable_soup":16,"minecraft:iron_shovel":1,"minecraft:torch":8},"minecraft:used":{"minecraft:beetroot":14,"minecraft:moss_carpet":1,"minecraft:iron_shovel":82,"gobber2:gobber2_gooey_bread":5,"farmersdelight:cabbage_seeds":54,"minecraft:spruce_slab":1598,"quark:azalea_hedge":8,"minecraft:ladder":17,"minecraft:oak_sign":12,"gobber2:gobber2_boots":1,"farmersdelight:stove":2,"minecraft:chest":52,"minecraft:stone":12,"minecraft:iron_sword":531,"minecraft:rotten_flesh":4,"minecraft:farmland":8,"undead_unleashed:grave_metal_sword":138,"minecraft:mutton":2,"biomesoplenty:umbran_log":3,"mekanism:osmium_ore":1,"minecraft:carrot":88,"buildersaddition:stone_bricks_vertical_slab":69,"alexsmobs:potted_flutter":1,"farmersdelight:vegetable_soup":38,"farmersdelight:tomato":2,"minecraft:villager_spawn_egg":2,"minecraft:lantern":180,"minecraft:grass_block":1929,"minecraft:stone_brick_stairs":703,"gobber2:gobber2_hammer":478,"minecraft:stone_bricks":5084,"ars_nouveau:source_berry":20,"farmersdelight:cutting_board":1,"minecraft:sweet_berries":29,"minecraft:oak_sapling":38,"minecraft:furnace":10,"minecraft:beetroot_seeds":55,"minecraft:potato":142,"minecraft:cow_spawn_egg":3,"minecraft:mangrove_planks":4,"minecraft:oak_planks":798,"minecraft:wooden_pickaxe":20,"quark:flowering_azalea_hedge":11,"minecraft:oak_leaves":452,"minecraft:dark_oak_trapdoor":28,"gothic:lamb_sausage":11,"gothic:meat_cooked":27,"minecraft:blast_furnace":6,"minecraft:crossbow":2,"gothic:cheese":8,"minecraft:stone_brick_wall":427,"farmersdelight:rice":1,"waystones:waystone":2,"biomesoplenty:bush":22,"minecraft:bread":48,"minecraft:cyan_bed":7,"savage_and_ravage:creeper_spores":1,"minecraft:stone_button":52,"tombstone:grave_key":15,"minecraft:deepslate":2,"minecraft:flowering_azalea_leaves":5,"minecraft:stripped_oak_wood":6,"supplementaries:planter_rich":14,"minecraft:grindstone":1,"farmersdelight:wild_tomatoes":11,"minecraft:smithing_table":1,"farmersdelight:spruce_cabinet":7,"minecraft:andesite":10,"gobber2:gobber2_chestplate":1,"minecraft:bone_meal":260,"minecraft:azalea":8,"minecraft:oak_fence":572,"minecraft:oak_trapdoor":96,"gothic:magic_ore_stone":1,"minecraft:rose_bush":1,"minecraft:iron_bars":1,"minecraft:stone_shovel":268,"biomesoplenty:redwood_planks":4,"minecraft:spruce_planks":1087,"gobber2:gobber2_leggings":1,"gothic:meat":13,"born_in_chaos_v1:fried_maggot":3,"minecraft:stone_hoe":856,"evilcraft:purifier":1,"minecraft:oak_door":7,"minecraft:stick":5,"minecraft:torch":49,"minecraft:dirt":791,"minecraft:anvil":2,"minecraft:spruce_stairs":1367,"buildersaddition:cut_stone_bricks_pillar":10,"mekanism:tin_ore":2,"minecraft:oak_fence_gate":52,"biomesoplenty:redwood_log":4,"biomesoplenty:maple_sapling":15,"farmersdelight:rope":25,"minecraft:stone_brick_slab":99,"minecraft:wooden_axe":128,"minecraft:flowering_azalea":8,"caverns_and_chasms:spinel_ore":2,"minecraft:bookshelf":2,"minecraft:iron_axe":232,"minecraft:oak_stairs":170,"gobber2:gobber2_helmet":1,"minecraft:totem_of_undying":3,"quark:spruce_vertical_slab":20,"paraglider:rito_goddess_statue":2,"minecraft:glowstone":4,"farmersdelight:cooking_pot":1,"tombstone:gift":2,"minecraft:acacia_wood":22,"farmersdelight:tomato_seeds":56,"gobber2:gobber2_paxel_end":586,"minecraft:wheat_seeds":133,"minecraft:cooked_mutton":8,"minecraft:water_bucket":41,"farmersdelight:skillet":1,"evilcraft:blood_infuser":1,"minecraft:brown_mushroom":5,"minecraft:fletching_table":7,"minecraft:sheep_spawn_egg":2,"minecraft:stonecutter":2,"minecraft:spruce_fence_gate":11,"minecraft:salmon":2,"farmersdelight:onion":76,"minecraft:crafting_table":7,"minecraft:red_bed":4,"supplementaries:bomb":1,"minecraft:dark_oak_fence_gate":48,"minecraft:spruce_log":107,"biomesoplenty:orange_autumn_sapling":4,"minecraft:oak_log":1207,"minecraft:flower_pot":2,"minecraft:wooden_hoe":2,"minecraft:cornflower":1,"gobber2:gobber2_sword_end":2,"minecraft:apple":25,"minecraft:sunflower":2,"minecraft:iron_pickaxe":1,"minecraft:spruce_trapdoor":3,"minecraft:spruce_sapling":2,"minecraft:cobblestone":30,"minecraft:azalea_leaves":4,"minecraft:bucket":8,"minecraft:glass_pane":136,"quark:oak_chest":2,"gobber2:gobber2_excavator_nether":123,"ars_nouveau:scribes_table":2},"minecraft:broken":{"minecraft:iron_boots":2,"minecraft:iron_chestplate":1,"minecraft:iron_leggings":1,"undead_unleashed:grave_metal_chestplate":1,"minecraft:iron_helmet":2}},"DataVersion":3120}