{"stats":{"minecraft:used":{"minecraft:soul_sand":14,"minecraft:wither_skeleton_skull":14,"mysticalagriculture:awakened_supremium_sword":4,"iceandfire:dragonsteel_fire_sword":5},"minecraft:killed":{"minecraft:trader_llama":2,"irons_spellbooks:summoned_zombie":5},"minecraft:picked_up":{"minecraft:lead":2,"minecraft:leather":2,"minecraft:gravel":16,"malum:encyclopedia_arcana":1,"alexsmobs:animal_dictionary":1,"minecraft:dirt":70},"minecraft:dropped":{"ars_nouveau:worn_notebook":1,"malum:encyclopedia_arcana":1,"alexsmobs:animal_dictionary":2,"patchouli:guide_book":1},"minecraft:custom":{"minecraft:time_since_rest":11183,"minecraft:open_chest":2,"minecraft:sprint_one_cm":12481,"minecraft:play_time":11183,"tombstone:undead_killed":5,"minecraft:walk_one_cm":7448,"minecraft:sneak_time":9,"minecraft:mob_kills":7,"minecraft:drop":5,"minecraft:jump":81,"minecraft:damage_dealt":1917,"minecraft:leave_game":1,"minecraft:time_since_death":11183,"minecraft:climb_one_cm":131,"minecraft:total_world_time":11183,"minecraft:fly_one_cm":23653}},"DataVersion":3120}