{"stats":{"minecraft:used":{"irons_spellbooks:netherite_mage_helmet":1,"irons_spellbooks:netherite_mage_leggings":1,"irons_spellbooks:netherite_mage_chestplate":1,"irons_spellbooks:netherite_mage_boots":1},"minecraft:picked_up":{"undead_unleashed:moonlight_greatsword":2,"irons_spellbooks:mana_upgrade_orb":64,"minecraft:rotten_flesh":2,"irons_spellbooks:netherite_mage_boots":1,"irons_spellbooks:netherite_mage_helmet":1,"irons_spellbooks:netherite_mage_chestplate":1,"tombstone:grave_dust":2,"irons_spellbooks:netherite_mage_leggings":1},"minecraft:dropped":{"undead_unleashed:moonlight_greatsword":1,"irons_spellbooks:netherite_mage_leggings":1,"irons_spellbooks:netherite_mage_helmet":1,"irons_spellbooks:netherite_mage_chestplate":1,"irons_spellbooks:netherite_mage_boots":1},"minecraft:custom":{"minecraft:open_chest":3,"minecraft:time_since_rest":36887,"minecraft:sprint_one_cm":23508,"lootr:looted_stat":1,"minecraft:play_time":40711,"minecraft:deaths":1,"minecraft:damage_taken":75,"minecraft:walk_one_cm":37459,"minecraft:interact_with_anvil":3,"minecraft:drop":5,"minecraft:jump":248,"minecraft:damage_dealt":107,"minecraft:leave_game":1,"minecraft:time_since_death":39286,"minecraft:climb_one_cm":589,"minecraft:total_world_time":40711,"minecraft:fall_one_cm":1266,"minecraft:fly_one_cm":57645}},"DataVersion":3120}