{"stats":{"minecraft:used":{"gobber2:gobber2_paxel_stars":8,"irons_spellbooks:netherite_mage_leggings":1,"irons_spellbooks:netherite_mage_chestplate":1,"iceandfire:dread_knight_sword":21,"irons_spellbooks:netherite_mage_boots":1,"mysticalagriculture:supremium_bow":3,"irons_spellbooks:netherite_mage_helmet":1,"minecraft:golden_carrot":4,"born_in_chaos_v1:rotten_fish":1},"minecraft:killed":{"cataclysm:ignited_revenant":1,"cataclysm:deepling":1,"cataclysm:ignis":1,"born_in_chaos_v1:corpse_fish":1},"minecraft:picked_up":{"undead_unleashed:moonlight_greatsword":2,"irons_spellbooks:scroll":1,"minecraft:stick":1,"minecraft:air":0,"irons_spellbooks:mana_upgrade_orb":64,"malum:arcane_spirit":3,"irons_spellbooks:netherite_mage_boots":1,"tombstone:grave_dust":2,"malum:sacred_spirit":3,"tombstone:gift":1,"minecraft:rotten_flesh":2,"mysticalagriculture:inferium_essence":6,"irons_spellbooks:netherite_mage_chestplate":1,"irons_spellbooks:netherite_mage_helmet":1,"alexsmobs:blobfish":2,"irons_spellbooks:cooldown_ring":1,"irons_spellbooks:netherite_mage_leggings":1},"minecraft:dropped":{"tombstone:grave_key":2,"irons_spellbooks:netherite_mage_boots":1,"irons_spellbooks:netherite_mage_chestplate":1,"irons_spellbooks:cooldown_ring":1,"tombstone:gift":1,"undead_unleashed:moonlight_greatsword":1,"irons_spellbooks:netherite_mage_leggings":1,"irons_spellbooks:netherite_mage_helmet":1,"minecraft:stick":1},"minecraft:killed_by":{"cataclysm:ignis":1,"minecraft:player":4,"cataclysm:the_leviathan":2,"minecraft:zombie":1},"minecraft:mined":{"minecraft:jungle_leaves":2,"treechop:chopped_log":1,"minecraft:grass":1,"minecraft:grass_block":3,"minecraft:jungle_log":1,"minecraft:sand":1,"minecraft:dirt":1,"minecraft:oak_leaves":5},"minecraft:custom":{"minecraft:time_since_rest":2435,"lootr:looted_stat":1,"minecraft:sprint_one_cm":67359,"minecraft:damage_taken":3151,"minecraft:walk_one_cm":87240,"minecraft:mob_kills":2,"minecraft:interact_with_anvil":3,"minecraft:drop":10,"minecraft:damage_dealt":3380,"minecraft:swim_one_cm":14794,"minecraft:fly_one_cm":137329,"minecraft:open_chest":4,"minecraft:play_time":76711,"tombstone:undead_killed":1,"minecraft:deaths":9,"minecraft:sneak_time":119,"minecraft:walk_under_water_one_cm":33294,"minecraft:jump":619,"minecraft:leave_game":1,"minecraft:walk_on_water_one_cm":4815,"minecraft:time_since_death":2984,"minecraft:total_world_time":76711,"minecraft:climb_one_cm":2100,"minecraft:fall_one_cm":31142}},"DataVersion":3120}