{"stats":{"minecraft:used":{"irons_spellbooks:netherite_mage_helmet":1,"irons_spellbooks:netherite_mage_leggings":1,"irons_spellbooks:netherite_mage_chestplate":1,"irons_spellbooks:netherite_mage_boots":1},"minecraft:picked_up":{"undead_unleashed:moonlight_greatsword":2,"minecraft:rotten_flesh":2,"tombstone:grave_dust":2},"minecraft:dropped":{"undead_unleashed:moonlight_greatsword":1},"minecraft:custom":{"minecraft:open_chest":3,"minecraft:time_since_rest":24887,"minecraft:sprint_one_cm":19539,"lootr:looted_stat":1,"minecraft:play_time":28711,"minecraft:deaths":1,"minecraft:damage_taken":75,"minecraft:walk_one_cm":28492,"minecraft:drop":1,"minecraft:jump":207,"minecraft:damage_dealt":107,"minecraft:leave_game":1,"minecraft:time_since_death":27286,"minecraft:climb_one_cm":589,"minecraft:total_world_time":28711,"minecraft:fall_one_cm":1266,"minecraft:fly_one_cm":43742}},"DataVersion":3120}