{"stats":{"minecraft:used":{"irons_spellbooks:netherite_mage_chestplate":1,"irons_spellbooks:netherite_mage_helmet":1,"irons_spellbooks:netherite_mage_leggings":1},"minecraft:picked_up":{"tombstone:grave_dust":2,"minecraft:rotten_flesh":2},"minecraft:custom":{"minecraft:jump":149,"minecraft:time_since_rest":12887,"lootr:looted_stat":1,"minecraft:damage_dealt":107,"minecraft:damage_taken":75,"minecraft:leave_game":1,"minecraft:play_time":16711,"minecraft:sprint_one_cm":14340,"minecraft:walk_one_cm":15894,"minecraft:time_since_death":15286,"minecraft:deaths":1,"minecraft:total_world_time":16711,"minecraft:climb_one_cm":589,"minecraft:fall_one_cm":1266,"minecraft:fly_one_cm":37427}},"DataVersion":3120}