{"stats":{"minecraft:used":{"gobber2:gobber2_paxel_stars":8,"irons_spellbooks:netherite_mage_leggings":1,"irons_spellbooks:netherite_mage_chestplate":1,"iceandfire:dread_knight_sword":14,"irons_spellbooks:netherite_mage_boots":1,"mysticalagriculture:supremium_bow":3,"irons_spellbooks:netherite_mage_helmet":1},"minecraft:killed":{"cataclysm:ignited_revenant":1},"minecraft:picked_up":{"undead_unleashed:moonlight_greatsword":2,"irons_spellbooks:scroll":1,"minecraft:stick":1,"minecraft:air":0,"irons_spellbooks:mana_upgrade_orb":64,"irons_spellbooks:netherite_mage_boots":1,"tombstone:grave_dust":2,"minecraft:rotten_flesh":2,"irons_spellbooks:netherite_mage_chestplate":1,"irons_spellbooks:netherite_mage_helmet":1,"irons_spellbooks:cooldown_ring":1,"irons_spellbooks:netherite_mage_leggings":1},"minecraft:dropped":{"irons_spellbooks:netherite_mage_boots":1,"irons_spellbooks:netherite_mage_chestplate":1,"irons_spellbooks:cooldown_ring":1,"undead_unleashed:moonlight_greatsword":1,"irons_spellbooks:netherite_mage_leggings":1,"irons_spellbooks:netherite_mage_helmet":1},"minecraft:killed_by":{"cataclysm:ignis":1,"minecraft:player":2,"minecraft:zombie":1},"minecraft:mined":{"minecraft:jungle_leaves":2,"treechop:chopped_log":1,"minecraft:grass_block":2,"minecraft:jungle_log":1,"minecraft:dirt":1,"minecraft:oak_leaves":5},"minecraft:custom":{"minecraft:time_since_rest":1,"lootr:looted_stat":1,"minecraft:sprint_one_cm":52357,"minecraft:damage_taken":1517,"minecraft:walk_one_cm":75375,"minecraft:interact_with_anvil":3,"minecraft:drop":6,"minecraft:damage_dealt":2270,"minecraft:fly_one_cm":108602,"minecraft:open_chest":3,"minecraft:play_time":64711,"tombstone:undead_killed":1,"minecraft:deaths":5,"minecraft:sneak_time":74,"minecraft:jump":481,"minecraft:leave_game":1,"minecraft:time_since_death":158,"minecraft:total_world_time":64711,"minecraft:climb_one_cm":1326,"minecraft:fall_one_cm":20673}},"DataVersion":3120}