{"stats":{"minecraft:picked_up":{"tombstone:grave_dust":2,"minecraft:rotten_flesh":2},"minecraft:custom":{"minecraft:jump":35,"minecraft:time_since_rest":887,"minecraft:damage_dealt":107,"minecraft:damage_taken":75,"minecraft:leave_game":1,"minecraft:play_time":4711,"minecraft:sprint_one_cm":3466,"minecraft:walk_one_cm":3942,"minecraft:time_since_death":3286,"minecraft:deaths":1,"minecraft:total_world_time":4711,"minecraft:climb_one_cm":369,"minecraft:fall_one_cm":633,"minecraft:fly_one_cm":4695}},"DataVersion":3120}