{"stats":{"minecraft:used":{"cataclysm:ignitium_boots":1,"cataclysm:ignis_spawn_egg":1,"waystones:sharestone":1,"minecraft:armor_stand":1,"minecraft:elytra":1,"born_in_chaos_v1:spawn_structures_dark_tower":1,"cataclysm:ignitium_helmet":1,"caverns_and_chasms:necromium_sword":2,"minecraft:anvil":1,"cataclysm:the_leviathan_spawn_egg":1},"minecraft:killed":{"minecraft:zombie":1,"cataclysm:ignis":1},"minecraft:picked_up":{"born_in_chaos_v1:shattered_skull":1,"minecraft:jungle_log":15,"minecraft:leather":4,"cataclysm:ignitium_ingot":3,"born_in_chaos_v1:pieceofdarkmetal":2,"minecraft:dirt":1,"minecraft:bone":5,"minecraft:rotten_flesh":4,"cataclysm:tidal_claws":1,"minecraft:wheat_seeds":1,"mysticalagriculture:inferium_essence":1,"minecraft:beef":4,"cataclysm:abyssal_egg":1,"minecraft:melon_slice":16},"minecraft:dropped":{"waystones:sharestone":1,"minecraft:dirt":1,"minecraft:wheat_seeds":1,"minecraft:rotten_flesh":2,"minecraft:leather":4,"minecraft:beef":4,"minecraft:elytra":2},"minecraft:mined":{"minecraft:jungle_leaves":1,"minecraft:grass":2,"minecraft:melon":3,"minecraft:vine":3,"minecraft:jungle_log":15},"minecraft:custom":{"minecraft:time_since_rest":13420,"lootr:looted_stat":1,"minecraft:sprint_one_cm":22823,"minecraft:walk_one_cm":36783,"minecraft:mob_kills":1,"minecraft:drop":10,"minecraft:damage_dealt":245,"minecraft:fly_one_cm":110349,"minecraft:crouch_one_cm":309,"minecraft:play_time":26553,"tombstone:undead_killed":1,"minecraft:deaths":1,"minecraft:sneak_time":124,"minecraft:aviate_one_cm":22841,"minecraft:jump":236,"minecraft:leave_game":2,"minecraft:time_since_death":15819,"minecraft:total_world_time":26553,"minecraft:climb_one_cm":791,"minecraft:fall_one_cm":894}},"DataVersion":3120}