{"stats":{"minecraft:used":{"cataclysm:ignitium_boots":1,"cataclysm:ignis_spawn_egg":1,"iceandfire:ghost_sword":6,"minecraft:flint_and_steel":2,"malum:weavers_workbench":1,"minecraft:armor_stand":1,"irons_spellbooks:netherite_mage_chestplate":1,"minecraft:elytra":1,"mekanismtools:refined_obsidian_pickaxe":1,"caverns_and_chasms:necromium_sword":5,"tombstone:scroll_of_purification":2,"minecraft:white_wool":3,"minecraft:anvil":2,"minecraft:vine":1,"minecraft:pink_terracotta":2,"minecraft:obsidian":26,"waystones:sharestone":1,"cataclysm:polished_end_stone":5,"minecraft:jungle_log":1,"malum:vivid_nitrate":65,"born_in_chaos_v1:spawn_structures_dark_tower":1,"cataclysm:ignitium_helmet":1,"cataclysm:netherite_monstrosity_spawn_egg":1,"minecraft:totem_of_undying":1,"cataclysm:mechanical_fusion_anvil":1,"minecraft:golden_carrot":14,"cataclysm:the_watcher_spawn_egg":1,"ironchest:crystal_chest":1,"cataclysm:the_leviathan_spawn_egg":1,"irons_spellbooks:arcane_anvil":1,"irons_spellbooks:inscription_table":1},"minecraft:killed":{"alexsmobs:blobfish":1,"cataclysm:the_watcher":1,"cataclysm:netherite_monstrosity":1,"gothic:meatbug":1,"minecraft:zombie":1,"cataclysm:ignis":1,"born_in_chaos_v1:corpse_fish":1},"minecraft:picked_up":{"irons_spellbooks:netherite_mage_leggings":1,"irons_spellbooks:scroll":4,"minecraft:air":0,"irons_spellbooks:mana_upgrade_orb":32,"minecraft:glow_ink_sac":8,"cataclysm:ignitium_ingot":3,"minecraft:jungle_log":15,"minecraft:leather":4,"cataclysm:coral_spear":1,"minecraft:dirt":1,"irons_spellbooks:villager_spell_book":1,"minecraft:bone":5,"minecraft:wheat_seeds":1,"mysticalagriculture:inferium_essence":26,"irons_spellbooks:netherite_mage_chestplate":2,"minecraft:iron_ingot":3,"minecraft:beef":4,"cataclysm:abyssal_egg":1,"alexsmobs:blobfish":43,"minecraft:melon_slice":16,"born_in_chaos_v1:shattered_skull":1,"patchouli:guide_book":1,"irons_spellbooks:netherite_mage_boots":1,"born_in_chaos_v1:pieceofdarkmetal":2,"alexsmobs:animal_dictionary":1,"minecraft:pink_terracotta":1,"minecraft:rotten_flesh":4,"cataclysm:tidal_claws":1,"irons_spellbooks:netherite_mage_helmet":2,"ars_nouveau:worn_notebook":1,"gothic:bug_meat":1,"minecraft:bone_meal":8,"artifacts:panic_necklace":3,"minecraft:obsidian":1,"cataclysm:stone_pillar":1},"minecraft:dropped":{"minecraft:iron_ingot":3,"cataclysm:polished_end_stone":59,"minecraft:pink_terracotta":1,"minecraft:vine":1,"minecraft:wheat_seeds":1,"alexsmobs:animal_dictionary":1,"irons_spellbooks:netherite_mage_chestplate":2,"malum:arcane_spirit":3,"mekanismtools:refined_obsidian_pickaxe":1,"minecraft:obsidian":107,"tombstone:gift":3,"alexsmobs:blobfish":36,"minecraft:rotten_flesh":2,"minecraft:leather":4,"cataclysm:stone_pillar":1,"irons_spellbooks:villager_spell_book":1,"minecraft:elytra":2,"evilcraft:flesh_humanoid":1,"patchouli:guide_book":1,"minecraft:flint_and_steel":1,"waystones:sharestone":1,"irons_spellbooks:scroll":5,"minecraft:dirt":1,"ars_nouveau:worn_notebook":1,"gothic:bug_meat":1,"mysticalagriculture:inferium_essence":18,"irons_spellbooks:netherite_mage_boots":1,"minecraft:jungle_log":1,"artifacts:panic_necklace":3,"minecraft:bone_meal":2,"undead_unleashed:moonlight_greatsword":2,"irons_spellbooks:mana_upgrade_orb":160,"minecraft:beef":4,"irons_spellbooks:netherite_mage_leggings":1,"malum:sacred_spirit":3,"irons_spellbooks:netherite_mage_helmet":2,"cataclysm:coral_spear":1},"minecraft:crafted":{"cataclysm:void_assault_shoulder_weapon":1},"minecraft:killed_by":{"minecraft:player":1,"cataclysm:ignis":2},"minecraft:mined":{"minecraft:jungle_leaves":1,"minecraft:obsidian":1,"minecraft:grass_block":2,"minecraft:melon":3,"minecraft:jungle_log":15,"minecraft:grass":4,"minecraft:vine":3,"minecraft:fern":2},"minecraft:custom":{"minecraft:interact_with_smithing_table":2,"lootr:looted_stat":1,"minecraft:mob_kills":7,"minecraft:interact_with_anvil":13,"minecraft:leave_game":3,"minecraft:time_since_death":11746,"minecraft:climb_one_cm":1232,"minecraft:time_since_rest":11293,"minecraft:damage_absorbed":25,"minecraft:sprint_one_cm":56483,"minecraft:damage_taken":3998,"minecraft:walk_one_cm":157886,"minecraft:drop":66,"minecraft:damage_dealt":1210,"tombstone:cast_on_ally":1,"minecraft:swim_one_cm":72771,"minecraft:fly_one_cm":247107,"minecraft:player_kills":2,"minecraft:open_chest":14,"minecraft:crouch_one_cm":628,"minecraft:play_time":86172,"minecraft:walk_under_water_one_cm":102865,"tombstone:undead_killed":1,"minecraft:deaths":4,"minecraft:sneak_time":801,"minecraft:aviate_one_cm":22841,"minecraft:jump":752,"minecraft:walk_on_water_one_cm":1875,"minecraft:total_world_time":86172,"minecraft:fall_one_cm":7543}},"DataVersion":3120}