{"stats":{"minecraft:used":{"cataclysm:ignitium_boots":1,"cataclysm:ignis_spawn_egg":1,"iceandfire:ghost_sword":44,"minecraft:flint_and_steel":2,"malum:weavers_workbench":1,"minecraft:armor_stand":1,"irons_spellbooks:netherite_mage_chestplate":1,"minecraft:elytra":1,"caverns_and_chasms:necromium_sword":5,"mekanismtools:refined_obsidian_pickaxe":1,"tombstone:scroll_of_purification":2,"minecraft:white_wool":3,"minecraft:sand":1,"minecraft:anvil":2,"minecraft:dirt":19,"cataclysm:ancient_remnant_spawn_egg":1,"minecraft:vine":1,"cataclysm:the_harbinger_spawn_egg":1,"minecraft:pink_terracotta":2,"ars_nouveau:creative_source_jar":1,"minecraft:obsidian":26,"ars_nouveau:ritual_brazier":4,"waystones:sharestone":1,"cataclysm:polished_end_stone":5,"minecraft:jungle_log":1,"malum:vivid_nitrate":66,"born_in_chaos_v1:spawn_structures_dark_tower":1,"cataclysm:ignitium_helmet":1,"cataclysm:netherite_monstrosity_spawn_egg":1,"minecraft:totem_of_undying":1,"minecraft:potion":2,"forbidden_arcanus:orb_of_temporary_flight":3,"cataclysm:mechanical_fusion_anvil":1,"minecraft:golden_carrot":19,"ars_nouveau:ritual_conjure_island_desert":1,"cataclysm:coral_spear":1,"cataclysm:the_watcher_spawn_egg":1,"cataclysm:the_leviathan_spawn_egg":1,"ironchest:crystal_chest":1,"minecraft:splash_potion":3,"irons_spellbooks:arcane_anvil":1,"irons_spellbooks:inscription_table":1},"minecraft:killed":{"alexsmobs:blobfish":4,"cataclysm:the_watcher":1,"born_in_chaos_v1:swarmer":1,"minecraft:salmon":4,"cataclysm:netherite_monstrosity":1,"minecraft:cod":1,"born_in_chaos_v1:maggot":2,"gothic:meatbug":1,"minecraft:zombie":1,"born_in_chaos_v1:corpse_fly":5,"cataclysm:ignis":1,"born_in_chaos_v1:corpse_fish":1},"minecraft:picked_up":{"irons_spellbooks:scroll":4,"irons_spellbooks:netherite_mage_leggings":1,"born_in_chaos_v1:corpse_maggot":2,"minecraft:air":0,"irons_spellbooks:mana_upgrade_orb":32,"minecraft:glow_ink_sac":12,"minecraft:jungle_log":15,"minecraft:leather":4,"cataclysm:ignitium_ingot":3,"cataclysm:coral_spear":3,"minecraft:dirt":1,"irons_spellbooks:villager_spell_book":1,"minecraft:bone":5,"mysticalagriculture:inferium_essence":36,"minecraft:wheat_seeds":1,"irons_spellbooks:netherite_mage_chestplate":2,"minecraft:iron_ingot":3,"minecraft:beef":4,"cataclysm:abyssal_egg":1,"alexsmobs:blobfish":79,"minecraft:melon_slice":16,"forbidden_arcanus:bat_wing":2,"born_in_chaos_v1:shattered_skull":1,"patchouli:guide_book":1,"irons_spellbooks:netherite_mage_boots":1,"gothic:cave_mushrooms":2,"born_in_chaos_v1:pieceofdarkmetal":2,"minecraft:pink_terracotta":1,"alexsmobs:animal_dictionary":1,"ars_nouveau:ritual_conjure_island_desert":64,"cataclysm:lionfish":1,"minecraft:rotten_flesh":4,"cataclysm:tidal_claws":1,"irons_spellbooks:netherite_mage_helmet":2,"ars_nouveau:worn_notebook":1,"gothic:bug_meat":1,"minecraft:bone_meal":11,"artifacts:panic_necklace":3,"born_in_chaos_v1:rotten_fish":1,"minecraft:obsidian":1,"cataclysm:stone_pillar":1},"minecraft:dropped":{"minecraft:iron_ingot":3,"cataclysm:polished_end_stone":59,"minecraft:pink_terracotta":1,"minecraft:vine":1,"minecraft:wheat_seeds":1,"minecraft:glow_ink_sac":12,"alexsmobs:animal_dictionary":1,"cataclysm:lionfish":1,"irons_spellbooks:netherite_mage_chestplate":2,"ars_nouveau:ritual_conjure_island_desert":64,"malum:arcane_spirit":3,"minecraft:obsidian":107,"born_in_chaos_v1:rotten_fish":1,"tombstone:gift":3,"mekanismtools:refined_obsidian_pickaxe":1,"alexsmobs:blobfish":81,"minecraft:rotten_flesh":2,"minecraft:leather":4,"cataclysm:stone_pillar":1,"irons_spellbooks:villager_spell_book":2,"forbidden_arcanus:bat_wing":2,"minecraft:elytra":2,"evilcraft:flesh_humanoid":2,"patchouli:guide_book":1,"ars_nouveau:creative_source_jar":1,"minecraft:flint_and_steel":1,"forbidden_arcanus:orb_of_temporary_flight":1,"waystones:sharestone":1,"irons_spellbooks:scroll":5,"gothic:bug_meat":1,"minecraft:dirt":2,"ars_nouveau:worn_notebook":1,"ars_nouveau:ritual_brazier":1,"gothic:cave_mushrooms":2,"mysticalagriculture:inferium_essence":18,"minecraft:jungle_log":1,"irons_spellbooks:netherite_mage_boots":1,"born_in_chaos_v1:corpse_maggot":2,"artifacts:panic_necklace":3,"cataclysm:laser_gatling":1,"minecraft:potion":1,"undead_unleashed:moonlight_greatsword":2,"minecraft:bone_meal":11,"irons_spellbooks:mana_upgrade_orb":160,"minecraft:sand":1,"minecraft:beef":4,"irons_spellbooks:netherite_mage_leggings":1,"malum:sacred_spirit":3,"irons_spellbooks:netherite_mage_helmet":2,"minecraft:splash_potion":4,"cataclysm:coral_spear":2,"ars_nouveau:source_gem":64},"minecraft:crafted":{"cataclysm:void_assault_shoulder_weapon":1},"minecraft:killed_by":{"minecraft:player":1,"iceandfire:lightning_dragon":1,"cataclysm:ignis":2,"cataclysm:the_leviathan":3,"cataclysm:ancient_remnant":1},"minecraft:mined":{"minecraft:jungle_leaves":1,"minecraft:obsidian":1,"minecraft:grass_block":3,"minecraft:melon":3,"minecraft:jungle_log":15,"minecraft:grass":4,"minecraft:vine":3,"minecraft:fern":2},"minecraft:custom":{"minecraft:interact_with_smithing_table":2,"lootr:looted_stat":1,"minecraft:interact_with_anvil":13,"minecraft:mob_kills":26,"minecraft:damage_dealt_resisted":10,"minecraft:leave_game":6,"minecraft:time_since_death":3876,"minecraft:climb_one_cm":1232,"minecraft:damage_absorbed":25,"minecraft:time_since_rest":2711,"minecraft:damage_taken":7011,"minecraft:walk_one_cm":195699,"minecraft:sprint_one_cm":69421,"minecraft:drop":92,"minecraft:damage_dealt":4915,"tombstone:cast_on_ally":2,"minecraft:player_kills":2,"minecraft:swim_one_cm":103047,"minecraft:fly_one_cm":521700,"minecraft:open_chest":14,"minecraft:crouch_one_cm":791,"minecraft:play_time":108652,"minecraft:sneak_time":1545,"tombstone:undead_killed":2,"minecraft:deaths":9,"minecraft:walk_under_water_one_cm":195219,"minecraft:aviate_one_cm":22841,"minecraft:jump":833,"minecraft:walk_on_water_one_cm":16265,"minecraft:total_world_time":108652,"minecraft:fall_one_cm":7543}},"DataVersion":3120}