{"stats":{"minecraft:used":{"cataclysm:ignitium_boots":1,"cataclysm:ignis_spawn_egg":1,"waystones:sharestone":1,"born_in_chaos_v1:spawn_structures_dark_tower":1,"cataclysm:ignitium_helmet":1,"caverns_and_chasms:necromium_sword":2,"cataclysm:the_leviathan_spawn_egg":1},"minecraft:killed":{"minecraft:zombie":1,"cataclysm:ignis":1},"minecraft:picked_up":{"born_in_chaos_v1:shattered_skull":1,"minecraft:jungle_log":15,"cataclysm:ignitium_ingot":3,"born_in_chaos_v1:pieceofdarkmetal":2,"minecraft:dirt":1,"minecraft:bone":5,"minecraft:rotten_flesh":4,"cataclysm:tidal_claws":1,"minecraft:wheat_seeds":1,"mysticalagriculture:inferium_essence":1,"cataclysm:abyssal_egg":1,"minecraft:melon_slice":16},"minecraft:dropped":{"waystones:sharestone":1,"minecraft:dirt":1,"minecraft:wheat_seeds":1,"minecraft:rotten_flesh":2},"minecraft:mined":{"minecraft:jungle_leaves":1,"minecraft:grass":2,"minecraft:melon":3,"minecraft:vine":3,"minecraft:jungle_log":15},"minecraft:custom":{"minecraft:time_since_rest":1420,"lootr:looted_stat":1,"minecraft:sprint_one_cm":9376,"minecraft:walk_one_cm":18609,"minecraft:mob_kills":1,"minecraft:drop":4,"minecraft:damage_dealt":245,"minecraft:fly_one_cm":69341,"minecraft:crouch_one_cm":55,"minecraft:play_time":14553,"tombstone:undead_killed":1,"minecraft:deaths":1,"minecraft:sneak_time":65,"minecraft:jump":149,"minecraft:leave_game":2,"minecraft:time_since_death":3819,"minecraft:total_world_time":14553,"minecraft:climb_one_cm":368,"minecraft:fall_one_cm":894}},"DataVersion":3120}