{"stats":{"minecraft:used":{"cataclysm:ignitium_boots":1,"cataclysm:ignis_spawn_egg":1,"iceandfire:ghost_sword":2,"minecraft:flint_and_steel":1,"malum:weavers_workbench":1,"minecraft:armor_stand":1,"irons_spellbooks:netherite_mage_chestplate":1,"minecraft:elytra":1,"caverns_and_chasms:necromium_sword":5,"tombstone:scroll_of_purification":2,"minecraft:white_wool":3,"minecraft:anvil":2,"minecraft:vine":1,"minecraft:pink_terracotta":2,"minecraft:obsidian":11,"waystones:sharestone":1,"minecraft:jungle_log":1,"malum:vivid_nitrate":64,"born_in_chaos_v1:spawn_structures_dark_tower":1,"cataclysm:ignitium_helmet":1,"minecraft:totem_of_undying":1,"cataclysm:mechanical_fusion_anvil":1,"minecraft:golden_carrot":6,"ironchest:crystal_chest":1,"cataclysm:the_leviathan_spawn_egg":1,"irons_spellbooks:arcane_anvil":1,"irons_spellbooks:inscription_table":1},"minecraft:killed":{"gothic:meatbug":1,"minecraft:zombie":1,"cataclysm:ignis":1},"minecraft:picked_up":{"irons_spellbooks:netherite_mage_leggings":1,"irons_spellbooks:scroll":4,"irons_spellbooks:mana_upgrade_orb":32,"cataclysm:ignitium_ingot":3,"minecraft:jungle_log":15,"minecraft:leather":4,"minecraft:dirt":1,"irons_spellbooks:villager_spell_book":1,"minecraft:bone":5,"minecraft:wheat_seeds":1,"mysticalagriculture:inferium_essence":1,"irons_spellbooks:netherite_mage_chestplate":2,"minecraft:beef":4,"cataclysm:abyssal_egg":1,"minecraft:melon_slice":16,"born_in_chaos_v1:shattered_skull":1,"patchouli:guide_book":1,"irons_spellbooks:netherite_mage_boots":1,"born_in_chaos_v1:pieceofdarkmetal":2,"alexsmobs:animal_dictionary":1,"minecraft:pink_terracotta":1,"minecraft:rotten_flesh":4,"cataclysm:tidal_claws":1,"irons_spellbooks:netherite_mage_helmet":2,"ars_nouveau:worn_notebook":1,"gothic:bug_meat":1},"minecraft:dropped":{"minecraft:pink_terracotta":1,"minecraft:vine":1,"minecraft:wheat_seeds":1,"alexsmobs:animal_dictionary":1,"irons_spellbooks:netherite_mage_chestplate":2,"minecraft:obsidian":53,"minecraft:rotten_flesh":2,"minecraft:leather":4,"irons_spellbooks:villager_spell_book":1,"minecraft:elytra":2,"patchouli:guide_book":1,"waystones:sharestone":1,"irons_spellbooks:scroll":5,"minecraft:dirt":1,"ars_nouveau:worn_notebook":1,"gothic:bug_meat":1,"irons_spellbooks:netherite_mage_boots":1,"minecraft:jungle_log":1,"undead_unleashed:moonlight_greatsword":2,"irons_spellbooks:mana_upgrade_orb":160,"minecraft:beef":4,"irons_spellbooks:netherite_mage_leggings":1,"irons_spellbooks:netherite_mage_helmet":2},"minecraft:crafted":{"cataclysm:void_assault_shoulder_weapon":1},"minecraft:killed_by":{"minecraft:player":1,"cataclysm:ignis":1},"minecraft:mined":{"minecraft:jungle_leaves":1,"minecraft:grass_block":2,"minecraft:melon":3,"minecraft:jungle_log":15,"minecraft:grass":4,"minecraft:vine":3,"minecraft:fern":2},"minecraft:custom":{"minecraft:interact_with_smithing_table":2,"lootr:looted_stat":1,"minecraft:mob_kills":2,"minecraft:interact_with_anvil":13,"minecraft:leave_game":3,"minecraft:time_since_death":242,"minecraft:climb_one_cm":1232,"minecraft:time_since_rest":1,"minecraft:damage_absorbed":25,"minecraft:sprint_one_cm":52067,"minecraft:damage_taken":1657,"minecraft:walk_one_cm":141696,"minecraft:drop":35,"minecraft:damage_dealt":944,"tombstone:cast_on_ally":0,"minecraft:fly_one_cm":235637,"minecraft:player_kills":1,"minecraft:open_chest":14,"minecraft:crouch_one_cm":483,"minecraft:play_time":74172,"tombstone:undead_killed":1,"minecraft:deaths":3,"minecraft:sneak_time":343,"minecraft:aviate_one_cm":22841,"minecraft:jump":668,"minecraft:total_world_time":74172,"minecraft:fall_one_cm":7274}},"DataVersion":3120}