{"stats":{"minecraft:killed_by":{"gothic:warg":3,"minecraft:vindicator":4,"caverns_and_chasms:peeper":3,"minecraft:zombie":1,"minecraft:vex":1,"rottencreatures:undead_miner":1,"born_in_chaos_v1:restless_spirit":1,"alexsmobs:tiger":2,"alexsmobs:centipede_head":1,"born_in_chaos_v1:dread_hound":1,"gothic:snapper":3,"minecraft:evoker":1,"iceandfire:cyclops":3,"undead_unleashed:frenzied_knight":3,"gothic:cave_molerat":1,"mekanismadditions:baby_skeleton":1,"caverns_and_chasms:deeper":2,"iceandfire:fire_dragon":2,"minecraft:player":4,"minecraft:spider":1,"minecraft:enderman":1,"minecraft:iron_golem":14,"minecraft:skeleton":2,"irons_spellbooks:archevoker":2},"minecraft:killed":{"minecraft:cave_spider":5,"born_in_chaos_v1:restless_spirit":7,"born_in_chaos_v1:zombie_lumberjack":13,"caverns_and_chasms:deeper":5,"born_in_chaos_v1:skeleton_demoman":7,"born_in_chaos_v1:siamese_skeletonsright":4,"born_in_chaos_v1:baby_skeleton_minion":4,"eidolon:giant_skeleton":2,"minecraft:skeleton":51,"rottencreatures:zap":1,"born_in_chaos_v1:skeleton_thrasher":2,"savage_and_ravage:creepie":47,"gothic:molerat":3,"irons_spellbooks:archevoker":2,"minecraft:skeleton_horse":2,"minecraft:salmon":1,"minecraft:iron_golem":1,"undead_unleashed:frenzied_knight":5,"minecraft:pillager":38,"gothic:snapper":2,"minecraft:zombie":101,"born_in_chaos_v1:corpse_fly":21,"born_in_chaos_v1:door_knight":6,"rottencreatures:immortal":1,"iceandfire:sea_serpent":1,"minecraft:evoker":3,"minecraft:vindicator":13,"mekanismadditions:baby_skeleton":6,"eidolon:wraith":7,"rottencreatures:undead_miner":5,"savage_and_ravage:trickster":2,"iceandfire:cyclops":2,"minecraft:ravager":1,"born_in_chaos_v1:decrepit_skeleton":23,"royalvariations:royal_zombie":12,"gothic:scavenger_young":5,"evilcraft:poisonous_libelle":1,"iceandfire:ghost":4,"born_in_chaos_v1:dark_vortex":4,"minecraft:enderman":4,"born_in_chaos_v1:zombie_clown":2,"minecraft:witch":8,"minecraft:spider":20,"gothic:stone_guardian":4,"born_in_chaos_v1:scarlet_persecutor":4,"naturalist:snail":2,"savage_and_ravage:griefer":6,"quark:shiba":1,"minecraft:silverfish":28,"eidolon:slimy_slug":1,"gothic:cave_molerat":1,"minecraft:piglin_brute":3,"artifacts:mimic":1,"born_in_chaos_v1:bonescaller":3,"mekanismadditions:baby_enderman":3,"born_in_chaos_v1:diamond_termite":1,"minecraft:zombie_villager":3,"savage_and_ravage:executioner":2,"irons_spellbooks:necromancer":2,"minecraft:creeper":12,"minecraft:sheep":6,"gothic:scavenger":1,"minecraft:trader_llama":2,"born_in_chaos_v1:zombie_fisherman":1,"undead_unleashed:shadewraith":5,"born_in_chaos_v1:dread_hound":24,"eidolon:necromancer":1,"eidolon:zombie_brute":10,"undead_unleashed:haunter":7,"gothic:bloodfly":7,"born_in_chaos_v1:siamese_skeletonsleft":4,"royalvariations:royal_creeper":1,"minecraft:vex":1,"born_in_chaos_v1:zombie_clown_not_despawn":1,"born_in_chaos_v1:zombie_bruiser":8,"born_in_chaos_v1:maggot":44,"naturalist:bass":2,"caverns_and_chasms:peeper":3,"born_in_chaos_v1:corpse_fish":6,"born_in_chaos_v1:siamese_skeletons":1,"gothic:warg":8,"born_in_chaos_v1:fallen_chaos_knight":3,"born_in_chaos_v1:baby_skeleton":8,"born_in_chaos_v1:swarmer":4,"born_in_chaos_v1:decaying_zombie":1,"alexsmobs:cockroach":1,"born_in_chaos_v1:nightmare_stalker":1,"minecraft:villager":1},"minecraft:used":{"irons_spellbooks:inscription_table":2,"minecraft:moss_block":49,"iceandfire:deepslate_silver_ore":1,"minecraft:jack_o_lantern":1,"minecraft:writable_book":1,"minecraft:spruce_slab":17,"minecraft:poppy":2,"forbidden_arcanus:quantum_catcher":35,"minecraft:stone":336,"lootr:trophy":1,"gothic:miners_food":2,"minecraft:rotten_flesh":3,"pneumaticcraft:compressed_stone":2,"naturalist:cooked_bass":1,"minecraft:spruce_boat":1,"ars_nouveau:archwood_chest":1,"farmersdelight:vegetable_soup":11,"botania:manasteel_sword":638,"ars_nouveau:ritual_brazier":2,"minecraft:grass_block":1,"pneumaticcraft:pneumatic_wrench":47,"gothic:river_plant":2,"gobber2:gobber2_gooey_apple":63,"minecraft:stone_brick_stairs":2,"ars_nouveau:source_berry":102,"minecraft:bow":26,"minecraft:furnace":7,"minecraft:sweet_berries":64,"supplementaries:ash":13,"minecraft:oak_sapling":3,"minecraft:cooked_cod":11,"minecraft:potato":36,"ars_nouveau:green_archwood_log":3,"quark:rusty_iron_plate_slab":54,"eidolon:silver_shovel":987,"minecraft:diorite":42,"minecraft:wooden_pickaxe":31,"minecraft:composter":2,"caverns_and_chasms:golden_milk_bucket":1,"minecraft:glow_berries":14,"gothic:lamb_sausage":45,"minecraft:sand":1,"gothic:meat_cooked":51,"minecraft:blast_furnace":5,"gothic:cheese":23,"born_in_chaos_v1:holiday_candy":4,"quark:cobblestone_bricks_wall":4,"gobber2:gobber2_gooey_beefstew":4,"minecraft:lectern":151,"supplementaries:flax_seeds":1,"minecraft:diamond_sword":923,"minecraft:smithing_table":2,"caverns_and_chasms:floodlight":4,"quark:iron_plate_slab":31,"supplementaries:stone_tile":8,"born_in_chaos_v1:ethereal_spirit":5,"gothic:tall_mushrooms":1,"gothic:meat":6,"born_in_chaos_v1:fried_maggot":6,"minecraft:stick":33,"minecraft:torch":34,"minecraft:brewing_stand":2,"minecraft:anvil":4,"ars_nouveau:ritual_containment":1,"minecraft:stone_stairs":67,"buildersaddition:crossrail":2,"tombstone:decorative_tombstone":1,"minecraft:fern":6,"buildersaddition:andesite_vertical_slab":3,"gothic:cave_mushrooms":3,"tombstone:ankh_of_pray":3,"minecraft:iron_axe":260,"quark:cooked_crab_leg":3,"minecraft:glowstone":9,"tombstone:gift":20,"minecraft:cobbled_deepslate":4,"minecraft:golden_axe":31,"naturalist:bass":2,"minecraft:wheat_seeds":1,"minecraft:water_bucket":344,"forbidden_arcanus:iron_blacksmith_gavel":271,"minecraft:fletching_table":1,"minecraft:salmon":3,"minecraft:mossy_cobblestone":68,"minecraft:oak_slab":2,"minecraft:crafting_table":15,"minecraft:red_bed":2,"minecraft:spruce_log":173,"minecraft:oak_log":4,"minecraft:diamond_pickaxe":1530,"caverns_and_chasms:rocky_dirt":27,"minecraft:sunflower":1,"minecraft:iron_pickaxe":129,"ars_nouveau:arcane_pedestal":1,"minecraft:spruce_pressure_plate":1,"tombstone:magic_scroll":2,"minecraft:spruce_sapling":161,"minecraft:chiseled_stone_bricks":2,"quark:dark_oak_chest":1,"minecraft:cobblestone":303,"minecraft:potion":2,"irons_spellbooks:arcane_anvil":1,"caverns_and_chasms:cobblestone_brick_wall":2,"minecraft:moss_carpet":10,"morevillagers:woodworking_table":9,"minecraft:light_gray_dye":1,"gobber2:gobber2_goo":3,"minecraft:oak_sign":1,"gobber2:gobber2_gooey_bread":12,"minecraft:iron_sword":175,"minecraft:grass":2,"minecraft:spruce_leaves":212,"minecraft:mutton":3,"minecraft:jungle_planks":40,"minecraft:carrot":125,"gothic:giant_river_plant":2,"minecraft:milk_bucket":2,"minecraft:spruce_wood":15,"minecraft:lantern":9,"minecraft:iron_helmet":3,"minecraft:light_blue_bed":2,"ars_nouveau:green_archwood_sapling":10,"minecraft:item_frame":1,"minecraft:stone_bricks":54,"pneumaticcraft:omnidirectional_hopper":3,"minecraft:skeleton_skull":1,"gothic:snapperweed":3,"buildersaddition:cut_stone_pillar":2,"minecraft:birch_leaves":3,"minecraft:stone_pickaxe":31,"minecraft:oak_planks":28,"ars_nouveau:mendosteen_pod":21,"gothic:black_mushroom_item":4,"minecraft:blue_bed":1,"minecraft:sugar_cane":2,"cataclysm:chiseled_stone_brick_pillar":188,"undead_unleashed:grave_metal_leggings":1,"gothic:scavenger_egg":2,"ars_nouveau:agronomic_sourcelink":2,"minecraft:crossbow":14,"minecraft:stone_brick_wall":2,"minecraft:shears":683,"waystones:waystone":11,"iceandfire:copper_shovel":24,"minecraft:bread":184,"rottencreatures:tnt_barrel":2,"minecraft:cyan_bed":6,"tombstone:grave_key":11,"minecraft:deepslate":4,"born_in_chaos_v1:smoked_monster_flesh":11,"minecraft:grindstone":1,"minecraft:andesite":116,"minecraft:chain":1,"minecraft:chest_minecart":1,"minecraft:bone_meal":362,"minecraft:experience_bottle":12,"minecraft:azalea":1,"gothic:magic_ore_stone":1,"minecraft:rose_bush":2,"minecraft:flint_and_steel":1,"minecraft:stone_shovel":10,"minecraft:spruce_planks":2,"pneumaticcraft:compressed_iron_helmet":1,"minecraft:stone_hoe":200,"supplementaries:sconce":4,"pneumaticcraft:reinforced_chest":35,"minecraft:dirt":356,"minecraft:hopper":3,"tombstone:easter_egg_food":1,"ars_nouveau:bastion_pod":13,"minecraft:spruce_stairs":1,"biomesoplenty:maple_sapling":9,"minecraft:dark_oak_planks":7,"minecraft:wooden_axe":44,"paraglider:horned_statue":1,"minecraft:bookshelf":5,"minecraft:red_tulip":1,"theabyss:hoglin_lantern":4,"quark:spruce_chest":2,"gothic:blue_elder":5,"ars_nouveau:imbuement_chamber":5,"evilcraft:box_of_eternal_closure":1,"minecraft:iron_boots":1,"evilcraft:flesh_humanoid":2,"gobber2:gobber2_gooey_beef":12,"gothic:grape":9,"torchmaster:feral_flare_lantern":3,"minecraft:golden_carrot":1,"ars_nouveau:arcane_platform":8,"minecraft:cooked_beef":4,"minecraft:light_gray_bed":2,"minecraft:iron_leggings":2,"born_in_chaos_v1:trident_hayfork":2,"minecraft:cooked_mutton":13,"minecraft:baked_potato":1,"minecraft:brown_mushroom":2,"minecraft:stonecutter":1,"minecraft:book":1,"minecraft:smoker":2,"iceandfire:tide_purple_chestplate":1,"tombstone:bag_of_seeds":8,"minecraft:wooden_hoe":2,"minecraft:apple":42,"ars_nouveau:source_jar":11,"minecraft:jungle_stairs":1,"minecraft:stone_slab":2,"minecraft:purple_dye":1,"minecraft:stone_axe":13,"minecraft:white_banner":9,"born_in_chaos_v1:wood_splitter_axe":246,"minecraft:bucket":348,"minecraft:pumpkin_pie":48,"minecraft:sea_pickle":9,"minecraft:polished_blackstone_button":2,"ars_nouveau:scribes_table":2,"ars_nouveau:mob_jar":4},"minecraft:dropped":{"undead_unleashed:grave_metal_chestplate":1,"occultism:datura_seeds":13,"malum:encyclopedia_arcana":12,"minecraft:lapis_lazuli":11,"minecraft:glow_ink_sac":7,"born_in_chaos_v1:fried_maggot":2,"minecraft:glass_bottle":1,"minecraft:diamond":6,"minecraft:crafting_table":2,"minecraft:crossbow":8,"minecraft:saddle":1,"sophisticatedbackpacks:gold_backpack":1,"minecraft:emerald":11,"born_in_chaos_v1:monster_flesh":1,"minecraft:dirt":35,"minecraft:dark_oak_fence":6,"paraglider:heart_container":1,"tombstone:soul_receptacle":1,"irons_spellbooks:epic_ink":1,"irons_spellbooks:arcane_essence":14,"minecraft:sugar":1,"tombstone:familiar_receptacle":1,"ars_nouveau:source_gem":1,"minecraft:bone":2,"irons_spellbooks:blank_rune":6,"minecraft:golden_chestplate":1,"minecraft:cobbled_deepslate":3,"minecraft:wheat":2,"minecraft:obsidian":2,"farmersdelight:cabbage":108,"minecraft:rotten_flesh":11,"minecraft:oak_planks":1,"evilcraft:flesh_humanoid":19,"minecraft:salmon":2,"supplementaries:flax_seeds":1,"minecraft:jungle_stairs":2,"gothic:cave_mushrooms":2,"mysticalagriculture:inferium_essence":23,"gobber2:gobber2_chestplate":1,"minecraft:leather_boots":1,"minecraft:spruce_slab":8,"minecraft:stone_brick_stairs":2,"minecraft:enchanted_book":3,"farmersdelight:tomato_seeds":1,"minecraft:iron_ingot":12,"born_in_chaos_v1:shattered_skull":2,"irons_spellbooks:divine_pearl":6,"minecraft:wheat_seeds":243,"biomesoplenty:maple_sapling":24,"minecraft:book":1,"minecraft:feather":3,"minecraft:cobblestone":30,"eidolon:tattered_cloth":1,"forbidden_arcanus:xpetrified_orb":12,"minecraft:apple":9,"quark:spruce_chest":1,"minecraft:wooden_hoe":2,"pneumaticcraft:compressed_iron_helmet":1,"minecraft:rose_bush":2,"minecraft:cooked_salmon":1,"minecraft:white_banner":8,"mekanism:salt":7,"minecraft:acacia_planks":4,"minecraft:spruce_sapling":8,"minecraft:moss_carpet":19,"minecraft:player_head":1,"minecraft:cocoa_beans":2,"gobber2:gobber2_boots":1,"born_in_chaos_v1:rotten_fish":2,"irons_spellbooks:uncommon_ink":9,"minecraft:experience_bottle":5,"minecraft:stone_shovel":1,"minecraft:iron_boots":2,"evilcraft:origins_of_darkness":1,"iceandfire:copper_shovel":2,"undead_unleashed:grave_metal_sword":4,"minecraft:oak_sign":2,"minecraft:shears":1,"minecraft:pumpkin_seeds":2,"minecraft:potato":491,"minecraft:spruce_planks":23,"minecraft:bundle":10,"ars_nouveau:music_disc_thistle_the_sound_of_glass":1,"minecraft:stone_bricks":12,"minecraft:bow":1,"iceandfire:sea_serpent_fang":9,"minecraft:spruce_sign":1,"minecraft:brown_mushroom":4,"biomesoplenty:hanging_cobweb":3,"minecraft:ender_pearl":6,"minecraft:lantern":3,"minecraft:leather":15,"farmersdelight:rice":8,"minecraft:dark_oak_log":4,"minecraft:birch_log":2,"gobber2:gobber2_gooey_bread":5,"minecraft:gold_ingot":4,"born_in_chaos_v1:ethereal_spirit":1,"minecraft:beetroot":115,"minecraft:cooked_mutton":6,"evilcraft:poison_sac":1,"minecraft:carrot":370,"gag:escape_rope":2,"minecraft:poppy":5,"minecraft:oak_fence_gate":1,"supplementaries:ash":2,"gothic:lamb_sausage":9,"minecraft:gunpowder":2,"minecraft:beetroot_seeds":591,"minecraft:melon_seeds":4,"born_in_chaos_v1:corpse_maggot":35,"minecraft:azalea":4,"botania:blue_mystical_flower":1,"minecraft:arrow":37,"gobber2:gobber2_helmet":2,"minecraft:oak_leaves":1,"minecraft:bread":32,"minecraft:golden_helmet":1,"minecraft:poisonous_potato":4,"minecraft:golden_axe":1,"pneumaticcraft:compressed_stone":16,"minecraft:acacia_log":2,"minecraft:stick":19,"irons_spellbooks:scroll":2,"tombstone:grave_key":3,"tombstone:grave_dust":3,"minecraft:fire_charge":1,"irons_spellbooks:common_ink":5,"minecraft:flowering_azalea":6,"irons_spellbooks:frozen_bone":4,"minecraft:dandelion":2,"minecraft:sweet_berries":12,"gobber2:gobber2_leggings":2,"minecraft:oak_trapdoor":2,"minecraft:blaze_rod":4,"minecraft:raw_iron":9,"farmersdelight:cabbage_seeds":285,"iceandfire:silver_ore":1,"malum:exposed_runewood_log":1,"forbidden_arcanus:rotten_leather":6,"minecraft:flint_and_steel":1,"minecraft:oak_button":64,"minecraft:spruce_log":97,"minecraft:slime_ball":1,"minecraft:wooden_pickaxe":3,"minecraft:stone_pickaxe":1,"gobber2:gobber2_hammer":1,"minecraft:raw_gold":2,"ars_nouveau:split_arrow":19,"thermal:niter":24},"minecraft:crafted":{"minecraft:chain":3,"ars_nouveau:mob_jar":2,"sophisticatedbackpacks:crafting_upgrade":2,"ars_nouveau:ritual_containment":1,"paraglider:deku_leaf":1,"minecraft:bookshelf":6,"iceandfire:tide_purple_chestplate":1,"minecraft:glass":108,"gothic:ornament_ring":1,"sophisticatedbackpacks:copper_backpack":1,"quark:iron_plate":48,"forbidden_arcanus:edelwood_planks":2,"caverns_and_chasms:cobblestone_bricks":8,"quark:rusty_iron_plate":24,"minecraft:glass_bottle":33,"gobber2:gobber2_ingot":6,"minecraft:emerald":376,"irons_spellbooks:copper_spell_book":1,"supplementaries:stone_tile":4,"forbidden_arcanus:quantum_catcher":1,"minecraft:chest_minecart":1,"minecraft:smithing_table":1,"ars_nouveau:source_jar":1,"minecraft:mossy_cobblestone":61,"minecraft:clock":1,"minecraft:copper_ingot":180,"eidolon:silver_shovel":5,"caverns_and_chasms:rocky_dirt":16,"minecraft:fletching_table":1,"waystones:warp_stone":1,"theabyss:hoglin_lantern":2,"minecraft:lectern":2,"minecraft:wooden_hoe":2,"quark:torch_arrow":7,"minecraft:stone_slab":2,"quark:oak_chest":2,"minecraft:iron_pickaxe":1,"minecraft:iron_block":3,"minecraft:gold_ingot":66,"minecraft:light_gray_dye":1,"buildersaddition:crossrail":4,"minecraft:composter":1,"ars_nouveau:arcane_pedestal":4,"minecraft:stone_shovel":1,"minecraft:iron_nugget":18,"minecraft:experience_bottle":12,"forbidden_arcanus:rotten_leather":12,"minecraft:bone_meal":516,"minecraft:stone_stairs":7,"minecraft:lantern":10,"supplementaries:sconce":1,"morevillagers:woodworking_table":1,"ars_nouveau:novice_spell_book":2,"quark:cobblestone_bricks":8,"minecraft:spruce_slab":18,"minecraft:jungle_log":156,"minecraft:ender_pearl":7,"minecraft:stone_pickaxe":2,"minecraft:spruce_boat":1,"quark:spruce_chest":6,"minecraft:dark_oak_planks":20,"minecraft:wheat":72,"quark:cobblestone_bricks_wall":6,"undead_unleashed:grave_metal_chestplate":1,"sophisticatedbackpacks:gold_backpack":1,"minecraft:bone":24,"minecraft:glowstone":17,"minecraft:enchanted_book":9,"caverns_and_chasms:floodlight":1,"ars_nouveau:sourcestone":8,"minecraft:oak_log":234,"minecraft:dark_oak_log":210,"farmersdelight:vegetable_soup":3,"torchmaster:feral_flare_lantern":1,"minecraft:iron_shovel":1,"irons_spellbooks:inscription_table":1,"minecraft:oak_planks":194,"minecraft:barrel":1,"ars_nouveau:archwood_planks":16,"gag:escape_rope":1,"cataclysm:chiseled_stone_brick_pillar":160,"minecraft:stone":832,"minecraft:spruce_pressure_plate":1,"iceandfire:tide_purple_helmet":1,"minecraft:hopper":2,"minecraft:stone_brick_slab":516,"minecraft:bow":1,"caverns_and_chasms:cobblestone_brick_wall":6,"minecraft:chest":2,"minecraft:oak_button":64,"minecraft:chiseled_stone_bricks":129,"minecraft:stone_hoe":2,"minecraft:stone_bricks":288,"minecraft:smoker":2,"sophisticatedbackpacks:backpack":1,"minecraft:crafting_table":15,"minecraft:spruce_planks":132,"sophisticatedbackpacks:upgrade_base":2,"ars_nouveau:ritual_brazier":1,"buildersaddition:andesite_vertical_slab":6,"minecraft:string":4,"minecraft:diamond_pickaxe":2,"minecraft:paper":6,"minecraft:purple_dye":2,"ars_nouveau:archwood_chest":1,"minecraft:stick":10934,"minecraft:iron_ingot":166,"undead_unleashed:grave_metal_boots":1,"minecraft:redstone_torch":1,"ars_nouveau:scribes_table":1,"minecraft:shears":2,"malum:runewood_planks":4,"minecraft:redstone":56,"minecraft:coal":39,"minecraft:tripwire_hook":2,"minecraft:furnace":5,"minecraft:stone_button":1,"forbidden_arcanus:arcane_crystal_block":1,"ars_nouveau:archwood_slab":30,"minecraft:raw_copper_block":55,"iceandfire:copper_shovel":1,"minecraft:flint_and_steel":2,"ars_nouveau:source_gem_block":1,"quark:dark_oak_chest":1,"ars_nouveau:arcane_platform":4,"minecraft:leather":14,"minecraft:spruce_wood":15,"rottencreatures:tnt_barrel":1,"undead_unleashed:grave_metal_ingot":2,"ars_nouveau:agronomic_sourcelink":1,"gobber2:gobber2_ring_farmer":1,"sophisticatedbackpacks:iron_backpack":1,"paraglider:paraglider":1,"minecraft:cooked_cod":6,"ars_nouveau:imbuement_chamber":2,"minecraft:iron_sword":1,"gobber2:gobber2_ring":1,"minecraft:mangrove_planks":12,"minecraft:bucket":1,"born_in_chaos_v1:bone_heart":2,"minecraft:stone_axe":1,"minecraft:bread":113,"minecraft:air":0,"minecraft:jungle_planks":12,"quark:spruce_bookshelf":1,"minecraft:gold_nugget":36,"minecraft:stonecutter":1,"minecraft:anvil":1,"minecraft:pumpkin_pie":48,"minecraft:andesite":105,"minecraft:acacia_planks":4,"minecraft:torch":8,"buildersaddition:cut_stone_pillar":1,"minecraft:lapis_lazuli":23},"minecraft:mined":{"malum:brilliant_stone":1,"pneumaticcraft:reinforced_chest":1,"thermal:tin_ore":8,"minecraft:stone_brick_wall":2,"caverns_and_chasms:spinel_ore":13,"minecraft:light_gray_bed":3,"minecraft:coal_block":17,"torchmaster:feral_flare_lantern":1,"minecraft:chiseled_stone_bricks":1,"minecraft:hopper":3,"supplementaries:sconce_wall":1,"minecraft:oak_wall_sign":1,"minecraft:spawner":4,"mysticalagriculture:inferium_ore":35,"minecraft:tall_seagrass":1,"minecraft:fire":1,"biomesoplenty:violet":1,"minecraft:moss_carpet":21,"minecraft:fletching_table":1,"iceandfire:gold_pile":45,"minecraft:dirt_path":14,"biomesoplenty:webbing":8,"minecraft:spruce_wood":1,"minecraft:iron_block":1,"rottencreatures:tnt_barrel":1,"mekanism:osmium_ore":34,"minecraft:red_bed":2,"mekanism:block_salt":1,"undead_unleashed:ancient_dirt":16,"minecraft:torch":3,"minecraft:blast_furnace":6,"mekanism:tin_ore":28,"minecraft:cyan_bed":7,"minecraft:sugar_cane":9,"gothic:snapperweed_wild":3,"caverns_and_chasms:fragile_stone":1,"minecraft:skeleton_skull":1,"paraglider:horned_statue":2,"minecraft:stone_brick_stairs":3,"theabyss:hoglin_lantern":2,"thermal:niter_ore":5,"minecraft:grass":134,"minecraft:oak_fence_gate":1,"minecraft:red_mushroom_block":8,"minecraft:deepslate":1,"biomesoplenty:orange_autumn_leaves":1,"eidolon:deep_silver_ore":12,"iceandfire:silver_ore":6,"farmersdelight:wild_carrots":1,"minecraft:jack_o_lantern":1,"minecraft:dark_oak_fence":6,"gothic:cave_mushrooms":1,"iceandfire:deepslate_silver_ore":1,"occultism:silver_ore_deepslate":31,"minecraft:moss_block":114,"minecraft:redstone_ore":6,"forbidden_arcanus:deepslate_arcane_crystal_ore":16,"ars_nouveau:mendosteen_pod":5,"minecraft:andesite":18,"gothic:scavenger_hanging":3,"gothic:giant_river_plant":1,"minecraft:potatoes":1,"minecraft:vine":1,"supplementaries:wall_lantern":1,"minecraft:smithing_table":2,"minecraft:oak_slab":3,"lootr:lootr_barrel":4,"gothic:suspicious_grass":1,"minecraft:dandelion":1,"minecraft:copper_ore":93,"minecraft:tall_grass":151,"minecraft:deepslate_gold_ore":5,"supplementaries:sconce":2,"minecraft:diorite":225,"minecraft:purple_bed":1,"minecraft:light_blue_bed":2,"naturalist:duckweed":1,"ars_nouveau:arcane_pedestal":1,"minecraft:spruce_log":88,"minecraft:birch_leaves":3,"thermal:silver_ore":4,"minecraft:sunflower":5,"minecraft:gravel":33,"biomesoplenty:stringy_cobweb":3,"minecraft:cobweb":5,"gothic:tall_mushrooms":1,"minecraft:stone_bricks":222,"ars_nouveau:imbuement_chamber":1,"minecraft:fern":38,"minecraft:spruce_planks":2,"minecraft:grass_block":101,"quark:cobblestone_bricks_wall":4,"gobber2:gobber2_lucky_block":60,"iceandfire:lectern":1,"forbidden_arcanus:edelwood_branch":2,"ars_nouveau:sourceberry_bush":27,"minecraft:composter":3,"gothic:black_mushroom":4,"minecraft:glowstone":9,"minecraft:iron_ore":48,"supplementaries:stone_tile":4,"minecraft:anvil":1,"minecraft:azure_bluet":1,"minecraft:red_tulip":1,"supplementaries:stick":24,"caverns_and_chasms:rocky_dirt":66,"minecraft:azalea":9,"minecraft:spruce_slab":7,"eidolon:lead_ore":6,"buildersaddition:crossrail":1,"ars_nouveau:ritual_brazier":1,"gothic:magic_ore_nugget":12,"undead_unleashed:grave_soil":19,"minecraft:poppy":2,"supplementaries:wild_flax":8,"minecraft:cobblestone":27,"caverns_and_chasms:cobblestone_brick_wall":2,"minecraft:oak_planks":7,"ars_nouveau:scribes_table":1,"minecraft:wall_torch":6,"buildersaddition:andesite_vertical_slab":3,"minecraft:seagrass":1,"minecraft:stone_stairs":1,"gothic:magic_ore_stone":9,"eidolon:deep_lead_ore":8,"minecraft:stripped_oak_wood":1,"biomesoplenty:maple_leaves":7,"minecraft:oak_log":7,"minecraft:sand":32,"minecraft:dirt":655,"mysticalagriculture:deepslate_prosperity_ore":4,"minecraft:oak_leaves":9,"mysticalagriculture:prosperity_ore":6,"gothic:blue_elder_wild":5,"minecraft:deepslate_diamond_ore":1,"minecraft:candle":6,"born_in_chaos_v1:infected_diamond_ore":1,"mekanism:deepslate_osmium_ore":7,"eidolon:silver_ore":1,"cataclysm:chiseled_stone_brick_pillar":5,"gothic:scavenger_grilled":1,"minecraft:spruce_leaves":998,"gothic:ornament_part":4,"morevillagers:woodworking_table":1,"minecraft:hay_block":4,"minecraft:large_fern":9,"minecraft:oak_trapdoor":2,"minecraft:spruce_sapling":24,"treechop:chopped_log":42,"minecraft:bookshelf":11,"minecraft:deepslate_iron_ore":13,"minecraft:stone":638,"biomesoplenty:spider_egg":1,"minecraft:podzol":254,"supplementaries:book_pile_horizontal":1,"minecraft:flowering_azalea":9,"ars_nouveau:arcane_platform":5,"ars_nouveau:mob_jar":1,"minecraft:oak_fence":2,"minecraft:crafting_table":2,"minecraft:rose_bush":5,"minecraft:lectern":3,"gothic:scavenger_eggs":2,"minecraft:lapis_ore":2,"biomesoplenty:sprout":23,"biomesoplenty:huge_clover_petal":4,"minecraft:blue_bed":1,"supplementaries:urn":8,"minecraft:sea_pickle":4,"forbidden_arcanus:edelwood_log":3,"forbidden_arcanus:xpetrified_ore":7,"minecraft:sweet_berry_bush":10,"pneumaticcraft:omnidirectional_hopper":7,"gobber2:gobber2_lucky_block_deepslate":22,"minecraft:white_wall_banner":2,"minecraft:bee_nest":1,"gothic:miners_food_wild":7,"minecraft:coal_ore":126},"minecraft:picked_up":{"torchmaster:feral_flare_lantern":2,"minecraft:anvil":2,"undead_unleashed:cursed_cloth":2,"minecraft:lead":2,"minecraft:smithing_table":2,"minecraft:stone_slab":1,"biomesoplenty:violet":1,"minecraft:enchanted_book":2,"pneumaticcraft:reinforced_chest":35,"minecraft:brewing_stand":3,"forbidden_arcanus:xpetrified_orb":21,"malum:runewood_sapling":3,"minecraft:string":34,"gothic:miners_food":8,"minecraft:cooked_salmon":1,"minecraft:beetroot":115,"mysticalagriculture:inferium_essence":331,"minecraft:gold_nugget":411,"minecraft:cobbled_deepslate":41,"minecraft:spruce_planks":22,"undead_unleashed:grave_metal_sword":4,"ars_nouveau:mendosteen_pod":18,"irons_spellbooks:blank_rune":7,"minecraft:coal_block":33,"minecraft:mangrove_log":3,"minecraft:golden_helmet":1,"born_in_chaos_v1:shattered_skull":7,"minecraft:composter":3,"mysticalagriculture:prosperity_shard":61,"gothic:tall_mushrooms":1,"minecraft:acacia_log":4,"iceandfire:silver_ore":6,"minecraft:golden_axe":1,"buildersaddition:crossrail":1,"minecraft:golden_chestplate":1,"mekanism:raw_tin":47,"born_in_chaos_v1:fried_maggot":8,"minecraft:light_gray_bed":2,"ars_nouveau:agronomic_sourcelink":1,"ars_nouveau:imbuement_chamber":3,"minecraft:red_tulip":1,"minecraft:iron_block":2,"supplementaries:ash":15,"minecraft:blaze_rod":4,"ars_nouveau:manipulation_essence":2,"minecraft:birch_log":4,"born_in_chaos_v1:staffof_magic_arrows":1,"minecraft:feather":4,"eidolon:raw_silver":33,"ars_nouveau:source_berry":99,"minecraft:flint":6,"ars_nouveau:scribes_table":2,"gothic:lamb_sausage":9,"minecraft:lantern":11,"gobber2:gobber2_helmet":1,"farmersdelight:vegetable_soup":9,"gobber2:gobber2_globette":20,"minecraft:glowstone_dust":34,"minecraft:moss_block":124,"gothic:ornament_part":4,"irons_spellbooks:legendary_ink":2,"gothic:meat_cooked":20,"minecraft:dark_oak_log":6,"gothic:stone_tablet":5,"quark:cobblestone_bricks_wall":4,"ars_nouveau:wilden_horn":3,"minecraft:barrel":4,"minecraft:bundle":10,"forbidden_arcanus:edelwood_log":8,"minecraft:deepslate":4,"rottencreatures:tnt_barrel":1,"iceandfire:lectern":1,"gothic:scavenger_egg":2,"minecraft:jack_o_lantern":1,"born_in_chaos_v1:rotten_fish":2,"minecraft:dark_oak_fence":6,"sophisticatedbackpacks:gold_backpack":1,"ars_nouveau:red_archwood_log":63,"minecraft:spruce_leaves":918,"minecraft:crafting_table":5,"gag:escape_rope":1,"born_in_chaos_v1:smoked_monster_flesh":11,"born_in_chaos_v1:seedof_chaos":5,"occultism:raw_silver":65,"morevillagers:woodworking_table":8,"gothic:magic_ore_stone":1,"paraglider:heart_container":2,"caverns_and_chasms:floodlight":3,"minecraft:red_bed":2,"evilcraft:poison_sac":1,"minecraft:flint_and_steel":1,"born_in_chaos_v1:intoxicating_decoction":4,"supplementaries:bomb":1,"undead_unleashed:grave_metal_ingot":4,"quark:spruce_chest":2,"pneumaticcraft:compressed_iron_helmet":1,"born_in_chaos_v1:gnawed_bones":4,"thermal:niter":24,"minecraft:iron_nugget":46,"minecraft:poppy":8,"minecraft:spruce_slab":27,"ars_nouveau:purple_archwood_log":64,"minecraft:stone":38,"pneumaticcraft:pneumatic_wrench":1,"minecraft:fire_charge":1,"ars_nouveau:split_arrow":19,"born_in_chaos_v1:pieceofdarkmetal":28,"minecraft:carrot":450,"minecraft:redstone":74,"ars_nouveau:green_archwood_log":61,"irons_spellbooks:evocation_rune":2,"minecraft:cooked_cod":5,"minecraft:beetroot_seeds":198,"born_in_chaos_v1:wood_splitter_axe":1,"royalvariations:royal_knight_helmet_helmet":1,"supplementaries:sconce":3,"minecraft:hay_block":4,"botania:blue_mystical_flower":1,"minecraft:gold_ingot":33,"tombstone:essence_of_undeath":1,"minecraft:totem_of_undying":3,"sophisticatedbackpacks:copper_backpack":1,"minecraft:glow_berries":10,"minecraft:mutton":23,"minecraft:white_wool":72,"minecraft:bone_block":25,"minecraft:birch_leaves":3,"minecraft:clock":2,"born_in_chaos_v1:monster_flesh":18,"iceandfire:sea_serpent_fang":9,"minecraft:fern":6,"supplementaries:stone_tile":4,"malum:cluster_of_brilliance":1,"minecraft:red_mushroom":4,"minecraft:acacia_wood":1,"royalvariations:spiritual_crown_shard":1,"minecraft:oak_log":106,"gothic:magic_ore_nugget":57,"malum:exposed_runewood_log":1,"minecraft:blue_bed":1,"minecraft:white_banner":13,"minecraft:apple":15,"minecraft:stone_bricks":231,"minecraft:oak_fence_gate":1,"undead_unleashed:grave_metal_boots":1,"tombstone:bag_of_seeds":4,"minecraft:flowering_azalea":14,"ars_nouveau:mob_jar":1,"mekanismtools:steel_leggings":1,"ars_nouveau:source_jar":8,"minecraft:sweet_berries":84,"born_in_chaos_v1:ethereal_spirit":12,"minecraft:gravel":51,"minecraft:spruce_sapling":206,"minecraft:spruce_log":1135,"gothic:cave_mushrooms":4,"forbidden_arcanus:arcane_crystal":35,"caverns_and_chasms:cobblestone_brick_wall":2,"minecraft:oak_wood":5,"biomesoplenty:maple_sapling":34,"minecraft:purple_bed":1,"minecraft:slime_ball":8,"minecraft:hopper":3,"minecraft:ender_pearl":9,"irons_spellbooks:scroll":6,"minecraft:wheat":1,"undead_unleashed:grave_metal_chestplate":3,"minecraft:stone_brick_stairs":5,"tombstone:grave_key":2,"minecraft:raw_copper":596,"minecraft:experience_bottle":5,"forbidden_arcanus:carved_edelwood_log":2,"minecraft:oak_sign":3,"theabyss:hoglin_lantern":2,"minecraft:sea_pickle":7,"irons_spellbooks:arcane_essence":37,"farmersdelight:cabbage":108,"minecraft:rose_bush":4,"minecraft:azalea":13,"minecraft:iron_pickaxe":2,"gothic:snapperweed":3,"irons_spellbooks:inscription_table":1,"farmersdelight:cabbage_seeds":189,"caverns_and_chasms:spinel":76,"minecraft:iron_boots":1,"minecraft:furnace":4,"minecraft:stick":237,"minecraft:oak_fence":2,"minecraft:torch":39,"cataclysm:chiseled_stone_brick_pillar":69,"minecraft:spruce_stairs":3,"minecraft:pointed_dripstone":14,"tombstone:grave_dust":58,"minecraft:diorite":720,"born_in_chaos_v1:nightmare_claw":1,"supplementaries:flax":4,"pneumaticcraft:pressure_tube":8,"ars_nouveau:arcane_platform":5,"gobber2:gobber2_foo":7,"eidolon:tattered_cloth":6,"savage_and_ravage:conch_of_conjuring":1,"minecraft:rotten_flesh":297,"buildersaddition:andesite_vertical_slab":3,"minecraft:obsidian":15,"minecraft:cod":9,"minecraft:cobblestone":1836,"occultism:datura_seeds":13,"caverns_and_chasms:lost_goat_horn":2,"minecraft:andesite":28,"gobber2:gobber2_leggings":1,"minecraft:potato":502,"paraglider:spirit_orb":13,"evilcraft:flesh_humanoid":6,"supplementaries:flax_seeds":13,"ars_nouveau:glyph_amplify":1,"minecraft:lapis_lazuli":71,"minecraft:dirt":1399,"born_in_chaos_v1:monster_skin":14,"minecraft:leather_boots":1,"minecraft:bone":227,"minecraft:acacia_planks":4,"minecraft:wheat_seeds":73,"minecraft:bow":3,"gobber2:gobber2_gooey_beef":24,"ars_nouveau:source_gem":26,"minecraft:raw_gold":32,"minecraft:grindstone":3,"minecraft:fletching_table":2,"pneumaticcraft:omnidirectional_hopper":7,"ars_nouveau:ritual_brazier":1,"minecraft:oak_planks":15,"gobber2:gobber2_gooey_bread":25,"undead_unleashed:grave_metal_helmet":1,"thermal:raw_tin":10,"irons_spellbooks:frozen_bone":2,"minecraft:poisonous_potato":4,"gobber2:gobber2_chestplate":1,"undead_unleashed:grave_metal_leggings":2,"minecraft:sand":53,"minecraft:jungle_planks":28,"malum:encyclopedia_arcana":5,"minecraft:grass_block":1,"minecraft:cyan_bed":6,"minecraft:mossy_cobblestone":7,"artifacts:plastic_drinking_hat":1,"buildersaddition:cut_stone_pillar":1,"forbidden_arcanus:ender_pearl_fragment":2,"eidolon:raw_lead":40,"minecraft:sugar":1,"minecraft:diamond":13,"iceandfire:copper_shovel":1,"irons_spellbooks:divine_pearl":12,"waystones:waystone":12,"minecraft:polished_blackstone_button":3,"minecraft:crossbow":9,"minecraft:grass":2,"minecraft:bone_meal":7,"forbidden_arcanus:edelwood_stick":6,"minecraft:spruce_sign":1,"minecraft:emerald":68,"minecraft:oak_sapling":30,"irons_spellbooks:uncommon_ink":9,"ars_nouveau:arcane_pedestal":1,"minecraft:oak_leaves":1,"gobber2:gobber2_goo":19,"gobber2:gobber2_boots":1,"born_in_chaos_v1:diamond_termite_shard":1,"minecraft:azure_bluet":1,"thermal:raw_silver":8,"minecraft:brown_mushroom":21,"gothic:black_mushroom_item":4,"minecraft:wooden_pickaxe":2,"minecraft:stone_brick_wall":2,"minecraft:gold_block":1,"minecraft:chain":2,"minecraft:stone_stairs":14,"minecraft:oak_trapdoor":2,"gothic:grape":2,"minecraft:moss_carpet":35,"minecraft:iron_axe":1,"pneumaticcraft:compressed_stone":8,"tombstone:decorative_tombstone":1,"minecraft:item_frame":1,"minecraft:candle":17,"irons_spellbooks:epic_ink":1,"minecraft:lectern":151,"minecraft:sugar_cane":14,"biomesoplenty:hanging_cobweb":3,"minecraft:dark_oak_sapling":1,"minecraft:raw_iron":183,"evilcraft:origins_of_darkness":1,"ars_nouveau:purple_archwood_sapling":7,"quark:iron_plate_slab":5,"minecraft:stone_button":3,"minecraft:trident":1,"minecraft:light_blue_bed":2,"minecraft:arrow":136,"iceandfire:sea_serpent_scales_purple":14,"iceandfire:cyclops_eye":3,"minecraft:jungle_stairs":3,"quark:rusty_iron_plate_slab":6,"minecraft:saddle":1,"iceandfire:deepslate_silver_ore":1,"paraglider:horned_statue":2,"born_in_chaos_v1:trident_hayfork":1,"forbidden_arcanus:spawner_scrap":2,"minecraft:skeleton_skull":6,"born_in_chaos_v1:fused_bone":12,"born_in_chaos_v1:corpse_maggot":62,"minecraft:golden_carrot":1,"minecraft:glow_ink_sac":10,"minecraft:salmon":4,"minecraft:leather":19,"gobber2:gobber2_gooey_beefstew":6,"savage_and_ravage:creeper_spores":14,"gothic:river_plant":2,"malum:runewood_log":61,"minecraft:gunpowder":51,"minecraft:wooden_hoe":1,"gothic:giant_river_plant":2,"minecraft:cooked_mutton":16,"naturalist:bass":2,"irons_spellbooks:common_ink":7,"mekanism:salt":7,"ars_nouveau:green_archwood_sapling":10,"gothic:blue_elder":5,"caverns_and_chasms:silver_nugget":29,"minecraft:spruce_wood":1,"minecraft:iron_ingot":38,"minecraft:stripped_oak_wood":4,"gobber2:gobber2_hammer":1,"minecraft:book":125,"minecraft:oak_slab":10,"minecraft:chiseled_stone_bricks":2,"ars_nouveau:red_archwood_sapling":9,"minecraft:dandelion":2,"ars_nouveau:novice_spell_book":1,"pneumaticcraft:ingot_iron_compressed":1,"ars_nouveau:bastion_pod":6,"born_in_chaos_v1:dark_rod":5,"minecraft:amethyst_shard":8,"undead_unleashed:grave_metal_scrap":71,"minecraft:blast_furnace":7,"ars_nouveau:music_disc_thistle_the_sound_of_glass":1,"mekanism:raw_osmium":84,"minecraft:spider_eye":7,"gothic:meat":14,"caverns_and_chasms:rocky_dirt":52,"tombstone:magic_scroll":7,"minecraft:coal":292,"minecraft:sunflower":5},"minecraft:custom":{"minecraft:interact_with_crafting_table":65,"minecraft:open_barrel":1,"goblintraders:trade_with_goblin":171,"minecraft:bell_ring":2,"minecraft:leave_game":22,"minecraft:time_since_death":36480,"minecraft:play_time":1397332,"minecraft:deaths":76,"minecraft:jump":27256,"minecraft:interact_with_furnace":132,"minecraft:traded_with_villager":629,"minecraft:sleep_in_bed":12,"minecraft:waystone_activated":22,"tombstone:sneak_grave":29,"minecraft:damage_dealt":120691,"tombstone:undead_killed":320,"minecraft:interact_with_smoker":4,"minecraft:interact_with_smithing_table":2,"minecraft:horse_one_cm":26304,"minecraft:interact_with_anvil":9,"minecraft:inspect_hopper":26,"minecraft:damage_dealt_absorbed":202,"minecraft:sneak_time":44956,"minecraft:interact_with_lectern":2,"minecraft:interact_with_blast_furnace":10,"minecraft:total_world_time":1398120,"tombstone:raider_killed":73,"minecraft:interact_with_stonecutter":12,"tombstone:pray_on_grave":1,"minecraft:time_since_rest":3937,"minecraft:swim_one_cm":125466,"minecraft:fly_one_cm":4515413,"minecraft:open_chest":271,"minecraft:fall_one_cm":506912,"lootr:looted_stat":119,"minecraft:damage_resisted":149,"minecraft:sprint_one_cm":4175982,"minecraft:drop":465,"minecraft:talked_to_villager":448,"minecraft:interact_with_brewingstand":9,"minecraft:walk_on_water_one_cm":233319,"minecraft:player_kills":9,"minecraft:crouch_one_cm":155020,"tombstone:villager_killed":1,"minecraft:mob_kills":710,"minecraft:damage_dealt_resisted":5647,"minecraft:climb_one_cm":17362,"minecraft:walk_one_cm":4336719,"minecraft:raid_win":1,"minecraft:walk_under_water_one_cm":112250,"minecraft:raid_trigger":3,"minecraft:interact_with_grindstone":3,"tombstone:free_soul":1,"minecraft:damage_taken":40460,"minecraft:damage_absorbed":119,"minecraft:trigger_trapped_chest":3},"minecraft:broken":{"minecraft:shears":2,"minecraft:iron_boots":2,"minecraft:iron_chestplate":1,"minecraft:iron_leggings":2,"undead_unleashed:grave_metal_boots":1,"undead_unleashed:grave_metal_leggings":1,"minecraft:stone_hoe":1,"minecraft:iron_axe":1,"iceandfire:tide_purple_helmet":1,"royalvariations:royal_knight_helmet_helmet":1,"iceandfire:tide_purple_chestplate":1,"undead_unleashed:grave_metal_chestplate":1,"mekanismtools:steel_leggings":1,"minecraft:golden_axe":1,"eidolon:silver_shovel":5}},"DataVersion":3120}