{"stats":{"minecraft:used":{"cataclysm:ignitium_boots":1,"cataclysm:ignis_spawn_egg":1,"iceandfire:ghost_sword":14,"minecraft:flint_and_steel":2,"malum:weavers_workbench":1,"minecraft:armor_stand":1,"irons_spellbooks:netherite_mage_chestplate":1,"minecraft:elytra":1,"mekanismtools:refined_obsidian_pickaxe":1,"caverns_and_chasms:necromium_sword":5,"tombstone:scroll_of_purification":2,"minecraft:white_wool":3,"minecraft:sand":1,"cataclysm:ancient_remnant_spawn_egg":1,"minecraft:dirt":19,"minecraft:anvil":2,"minecraft:vine":1,"minecraft:pink_terracotta":2,"ars_nouveau:creative_source_jar":1,"minecraft:obsidian":26,"ars_nouveau:ritual_brazier":4,"waystones:sharestone":1,"cataclysm:polished_end_stone":5,"minecraft:jungle_log":1,"malum:vivid_nitrate":65,"born_in_chaos_v1:spawn_structures_dark_tower":1,"cataclysm:ignitium_helmet":1,"cataclysm:netherite_monstrosity_spawn_egg":1,"minecraft:totem_of_undying":1,"forbidden_arcanus:orb_of_temporary_flight":1,"cataclysm:mechanical_fusion_anvil":1,"minecraft:golden_carrot":18,"ars_nouveau:ritual_conjure_island_desert":1,"cataclysm:coral_spear":1,"cataclysm:the_watcher_spawn_egg":1,"ironchest:crystal_chest":1,"cataclysm:the_leviathan_spawn_egg":1,"irons_spellbooks:arcane_anvil":1,"irons_spellbooks:inscription_table":1},"minecraft:killed":{"alexsmobs:blobfish":4,"cataclysm:the_watcher":1,"minecraft:salmon":4,"cataclysm:netherite_monstrosity":1,"minecraft:cod":1,"gothic:meatbug":1,"minecraft:zombie":1,"cataclysm:ignis":1,"born_in_chaos_v1:corpse_fish":1},"minecraft:picked_up":{"irons_spellbooks:netherite_mage_leggings":1,"irons_spellbooks:scroll":4,"minecraft:air":0,"irons_spellbooks:mana_upgrade_orb":32,"minecraft:glow_ink_sac":12,"cataclysm:ignitium_ingot":3,"minecraft:jungle_log":15,"minecraft:leather":4,"cataclysm:coral_spear":3,"minecraft:dirt":1,"irons_spellbooks:villager_spell_book":1,"minecraft:bone":5,"minecraft:wheat_seeds":1,"mysticalagriculture:inferium_essence":35,"irons_spellbooks:netherite_mage_chestplate":2,"minecraft:iron_ingot":3,"minecraft:beef":4,"cataclysm:abyssal_egg":1,"alexsmobs:blobfish":79,"minecraft:melon_slice":16,"forbidden_arcanus:bat_wing":2,"born_in_chaos_v1:shattered_skull":1,"patchouli:guide_book":1,"irons_spellbooks:netherite_mage_boots":1,"born_in_chaos_v1:pieceofdarkmetal":2,"alexsmobs:animal_dictionary":1,"minecraft:pink_terracotta":1,"ars_nouveau:ritual_conjure_island_desert":64,"cataclysm:lionfish":1,"minecraft:rotten_flesh":4,"cataclysm:tidal_claws":1,"irons_spellbooks:netherite_mage_helmet":2,"ars_nouveau:worn_notebook":1,"gothic:bug_meat":1,"minecraft:bone_meal":11,"artifacts:panic_necklace":3,"born_in_chaos_v1:rotten_fish":1,"minecraft:obsidian":1,"cataclysm:stone_pillar":1},"minecraft:dropped":{"minecraft:iron_ingot":3,"cataclysm:polished_end_stone":59,"minecraft:pink_terracotta":1,"minecraft:vine":1,"minecraft:wheat_seeds":1,"minecraft:glow_ink_sac":12,"alexsmobs:animal_dictionary":1,"cataclysm:lionfish":1,"irons_spellbooks:netherite_mage_chestplate":2,"ars_nouveau:ritual_conjure_island_desert":64,"born_in_chaos_v1:rotten_fish":1,"malum:arcane_spirit":3,"mekanismtools:refined_obsidian_pickaxe":1,"minecraft:obsidian":107,"tombstone:gift":3,"alexsmobs:blobfish":81,"minecraft:rotten_flesh":2,"minecraft:leather":4,"cataclysm:stone_pillar":1,"irons_spellbooks:villager_spell_book":1,"forbidden_arcanus:bat_wing":2,"minecraft:elytra":2,"evilcraft:flesh_humanoid":2,"patchouli:guide_book":1,"ars_nouveau:creative_source_jar":1,"minecraft:flint_and_steel":1,"waystones:sharestone":1,"irons_spellbooks:scroll":5,"minecraft:dirt":2,"ars_nouveau:worn_notebook":1,"gothic:bug_meat":1,"ars_nouveau:ritual_brazier":1,"mysticalagriculture:inferium_essence":18,"irons_spellbooks:netherite_mage_boots":1,"minecraft:jungle_log":1,"artifacts:panic_necklace":3,"minecraft:bone_meal":11,"undead_unleashed:moonlight_greatsword":2,"irons_spellbooks:mana_upgrade_orb":160,"minecraft:sand":1,"minecraft:beef":4,"irons_spellbooks:netherite_mage_leggings":1,"malum:sacred_spirit":3,"irons_spellbooks:netherite_mage_helmet":2,"cataclysm:coral_spear":2,"ars_nouveau:source_gem":64},"minecraft:crafted":{"cataclysm:void_assault_shoulder_weapon":1},"minecraft:killed_by":{"minecraft:player":1,"cataclysm:ignis":2,"cataclysm:the_leviathan":3,"cataclysm:ancient_remnant":1},"minecraft:mined":{"minecraft:jungle_leaves":1,"minecraft:obsidian":1,"minecraft:grass_block":2,"minecraft:melon":3,"minecraft:jungle_log":15,"minecraft:grass":4,"minecraft:vine":3,"minecraft:fern":2},"minecraft:custom":{"minecraft:interact_with_smithing_table":2,"lootr:looted_stat":1,"minecraft:mob_kills":17,"minecraft:interact_with_anvil":13,"minecraft:leave_game":3,"minecraft:time_since_death":2219,"minecraft:climb_one_cm":1232,"minecraft:time_since_rest":1760,"minecraft:damage_absorbed":25,"minecraft:sprint_one_cm":57180,"minecraft:damage_taken":6198,"minecraft:walk_one_cm":168218,"minecraft:drop":80,"minecraft:damage_dealt":2257,"tombstone:cast_on_ally":1,"minecraft:swim_one_cm":101912,"minecraft:fly_one_cm":385291,"minecraft:player_kills":2,"minecraft:open_chest":14,"minecraft:crouch_one_cm":642,"minecraft:play_time":98172,"minecraft:walk_under_water_one_cm":189542,"tombstone:undead_killed":1,"minecraft:deaths":8,"minecraft:sneak_time":1231,"minecraft:aviate_one_cm":22841,"minecraft:jump":767,"minecraft:walk_on_water_one_cm":8122,"minecraft:total_world_time":98172,"minecraft:fall_one_cm":7543}},"DataVersion":3120}