{"stats":{"minecraft:used":{"irons_spellbooks:inscription_table":1,"cataclysm:ignitium_boots":1,"cataclysm:ignis_spawn_egg":1,"malum:weavers_workbench":1,"minecraft:armor_stand":1,"irons_spellbooks:netherite_mage_chestplate":1,"minecraft:elytra":1,"caverns_and_chasms:necromium_sword":5,"minecraft:white_wool":3,"minecraft:anvil":1,"minecraft:vine":1,"minecraft:pink_terracotta":2,"waystones:sharestone":1,"minecraft:jungle_log":1,"malum:vivid_nitrate":1,"born_in_chaos_v1:spawn_structures_dark_tower":1,"cataclysm:ignitium_helmet":1,"ironchest:crystal_chest":1,"cataclysm:the_leviathan_spawn_egg":1,"irons_spellbooks:arcane_anvil":1},"minecraft:killed":{"gothic:meatbug":1,"minecraft:zombie":1,"cataclysm:ignis":1},"minecraft:picked_up":{"irons_spellbooks:scroll":4,"irons_spellbooks:mana_upgrade_orb":32,"minecraft:jungle_log":15,"cataclysm:ignitium_ingot":3,"minecraft:leather":4,"minecraft:dirt":1,"irons_spellbooks:villager_spell_book":1,"minecraft:bone":5,"minecraft:wheat_seeds":1,"mysticalagriculture:inferium_essence":1,"irons_spellbooks:netherite_mage_chestplate":2,"minecraft:beef":4,"cataclysm:abyssal_egg":1,"minecraft:melon_slice":16,"born_in_chaos_v1:shattered_skull":1,"patchouli:guide_book":1,"irons_spellbooks:netherite_mage_boots":1,"born_in_chaos_v1:pieceofdarkmetal":2,"alexsmobs:animal_dictionary":1,"minecraft:pink_terracotta":1,"minecraft:rotten_flesh":4,"cataclysm:tidal_claws":1,"irons_spellbooks:netherite_mage_helmet":2,"ars_nouveau:worn_notebook":1,"gothic:bug_meat":1,"irons_spellbooks:netherite_mage_leggings":1},"minecraft:dropped":{"minecraft:pink_terracotta":1,"minecraft:wheat_seeds":1,"minecraft:vine":1,"alexsmobs:animal_dictionary":1,"irons_spellbooks:netherite_mage_chestplate":2,"minecraft:rotten_flesh":2,"minecraft:leather":4,"irons_spellbooks:villager_spell_book":1,"minecraft:elytra":2,"patchouli:guide_book":1,"waystones:sharestone":1,"irons_spellbooks:scroll":5,"gothic:bug_meat":1,"minecraft:dirt":1,"ars_nouveau:worn_notebook":1,"irons_spellbooks:netherite_mage_boots":1,"minecraft:jungle_log":1,"undead_unleashed:moonlight_greatsword":2,"irons_spellbooks:mana_upgrade_orb":96,"minecraft:beef":4,"irons_spellbooks:netherite_mage_leggings":1,"irons_spellbooks:netherite_mage_helmet":2},"minecraft:mined":{"minecraft:jungle_leaves":1,"minecraft:melon":3,"minecraft:jungle_log":15,"minecraft:grass":2,"minecraft:vine":3},"minecraft:custom":{"lootr:looted_stat":1,"minecraft:mob_kills":2,"minecraft:interact_with_anvil":4,"minecraft:leave_game":2,"minecraft:time_since_death":39819,"minecraft:climb_one_cm":1232,"minecraft:time_since_rest":37420,"minecraft:sprint_one_cm":35455,"minecraft:walk_one_cm":99483,"minecraft:drop":33,"minecraft:damage_dealt":519,"minecraft:fly_one_cm":148395,"minecraft:player_kills":1,"minecraft:open_chest":11,"minecraft:crouch_one_cm":456,"minecraft:play_time":50553,"tombstone:undead_killed":1,"minecraft:deaths":1,"minecraft:sneak_time":210,"minecraft:aviate_one_cm":22841,"minecraft:jump":389,"minecraft:total_world_time":50553,"minecraft:fall_one_cm":894}},"DataVersion":3120}